update,step,steps_per_sec,rollout_sec,learn_sec,episodes,mean_x_pos,flag_rate,mean_coins,mean_game_reward,stall_rate,policy_loss,value_loss,entropy,approx_kl,clipfrac,explained_variance,wall_time
1,3072,540.7,3.6,2.08,28,355.64285714285717,0.0,0.17857142857142858,286.42857142857144,0.03571428571428571,-0.00961,3.82393,1.93865,0.00782,0.10824,0.01005,5.7
2,6144,533.0,3.77,2.0,39,463.4102564102564,0.0,0.23076923076923078,389.87179487179486,0.05128205128205128,-0.00714,6.68688,1.91607,0.00761,0.09326,0.34978,11.4
3,9216,546.1,3.69,1.94,29,464.17241379310343,0.0,0.3793103448275862,392.7931034482759,0.0,-0.00535,6.90332,1.87877,0.00448,0.04077,0.53465,17.1
4,12288,545.0,3.63,2.0,33,570.2424242424242,0.0,0.6666666666666666,490.1818181818182,0.09090909090909091,-0.00259,8.05787,1.82075,0.00766,0.11556,0.61891,22.7
5,15360,547.9,3.61,2.0,39,501.56410256410254,0.0,0.2564102564102564,430.3333333333333,0.0,-0.00486,8.78481,1.80552,0.00997,0.14673,0.50456,28.3
6,18432,510.5,3.96,2.06,44,505.75,0.0,0.38636363636363635,434.77272727272725,0.0,-0.00202,8.45914,1.74965,0.00663,0.05371,0.54997,34.3
7,21504,532.2,3.75,2.03,39,526.6153846153846,0.0,0.23076923076923078,454.71794871794873,0.0,-0.00234,8.96984,1.6894,0.00767,0.06779,0.67194,40.1
8,24576,527.8,3.81,2.01,41,579.8048780487804,0.0,0.3902439024390244,506.3658536585366,0.0,-0.00235,11.98145,1.66421,0.00572,0.0638,0.6111,45.9
9,27648,527.8,3.82,2.0,45,548.4222222222222,0.0,0.35555555555555557,477.53333333333336,0.0,0.00014,11.08069,1.50686,0.00361,0.0144,0.64351,51.8
10,30720,500.6,3.95,2.18,39,541.6410256410256,0.0,0.5641025641025641,470.5897435897436,0.0,-0.00306,12.30343,1.54709,0.0047,0.05298,0.59733,57.9
11,33792,465.8,4.47,2.13,43,574.8604651162791,0.0,0.6511627906976745,503.51162790697674,0.0,-0.0018,13.9784,1.48085,0.00488,0.06437,0.56032,64.5
12,36864,475.9,4.48,1.98,50,536.96,0.0,0.3,467.06,0.0,-0.00056,13.2847,1.4834,0.00537,0.06982,0.60475,70.9
13,39936,459.3,4.49,2.2,45,531.6666666666666,0.0,0.5777777777777777,461.35555555555555,0.0,-0.00308,13.06788,1.40057,0.00359,0.03866,0.65955,77.6
14,43008,465.0,4.35,2.26,42,504.2857142857143,0.0,0.30952380952380953,434.1666666666667,0.0,-0.00283,10.46662,1.36235,0.00365,0.04688,0.66472,84.2
15,46080,462.9,4.44,2.2,43,496.8139534883721,0.0,0.32558139534883723,425.8139534883721,0.023255813953488372,-0.0025,10.13897,1.36943,0.00539,0.07666,0.69587,90.9
16,49152,432.9,4.64,2.46,49,525.2244897959183,0.0,0.2857142857142857,453.9183673469388,0.02040816326530612,-0.00253,12.14518,1.27597,0.00415,0.03947,0.63011,98.0
17,52224,457.2,4.53,2.19,49,494.48979591836735,0.0,0.2653061224489796,426.44897959183675,0.0,0.00167,10.8554,1.34152,0.00566,0.07463,0.69998,104.7
18,55296,469.7,4.35,2.19,42,571.0238095238095,0.0,0.47619047619047616,499.4761904761905,0.023809523809523808,-0.00214,11.12765,1.28767,0.00686,0.0765,0.76821,111.2
19,58368,464.0,4.45,2.17,47,552.0212765957447,0.0,0.46808510638297873,481.48936170212767,0.0,-0.00122,11.93346,1.31875,0.00277,0.03174,0.64547,117.9
20,61440,482.2,4.24,2.13,41,507.1951219512195,0.0,0.21951219512195122,437.9756097560976,0.0,0.00014,9.21151,1.34436,0.00531,0.06746,0.75897,124.2
21,64512,462.3,4.42,2.22,45,558.6222222222223,0.0,0.4888888888888889,487.15555555555557,0.0,-0.00014,16.45087,1.31817,0.00762,0.1106,0.62764,130.9
22,67584,482.5,4.31,2.05,44,590.1590909090909,0.0,0.6590909090909091,518.5454545454545,0.0,-0.0019,10.5465,1.37979,0.00817,0.09163,0.64225,137.3
23,70656,513.5,3.99,2.0,50,499.52,0.0,0.44,430.32,0.0,-0.00181,12.43081,1.36094,0.00408,0.04256,0.65899,143.2
24,73728,499.3,4.09,2.06,53,509.3207547169811,0.0,0.5283018867924528,440.9622641509434,0.0,-0.00061,13.09854,1.38672,0.0038,0.04256,0.6259,149.4
25,76800,513.1,3.94,2.05,55,480.09090909090907,0.0,0.38181818181818183,411.43636363636364,0.0,-0.0036,15.6144,1.29532,0.00801,0.09237,0.66052,155.4
26,79872,519.8,3.93,1.98,54,474.1111111111111,0.0,0.5185185185185185,406.5740740740741,0.0,-0.00201,7.42367,1.27912,0.00506,0.07658,0.75235,161.3
27,82944,514.0,3.89,2.08,47,527.4042553191489,0.0,0.40425531914893614,457.4255319148936,0.0,-0.00106,14.11959,1.27492,0.00425,0.04736,0.66331,167.3
28,86016,493.0,3.88,2.35,46,518.5652173913044,0.0,0.2608695652173913,449.19565217391306,0.0,-0.002,14.05274,1.30443,0.0042,0.05835,0.57623,173.5
29,89088,546.6,3.66,1.96,41,618.7560975609756,0.0,0.5365853658536586,545.0487804878048,0.0,-0.00228,13.65182,1.2822,0.00347,0.02775,0.56664,179.1
30,92160,520.0,3.91,2.0,54,455.6296296296296,0.0,0.25925925925925924,387.22222222222223,0.0,-0.0012,12.22499,1.31341,0.00599,0.06177,0.59507,185.0
31,95232,542.6,3.64,2.02,36,566.6944444444445,0.0,0.3611111111111111,494.02777777777777,0.0,-0.00274,9.25089,1.34823,0.00606,0.05485,0.68438,190.7
32,98304,543.9,3.65,1.99,41,602.5853658536586,0.0,0.6097560975609756,529.6829268292682,0.0,-0.00141,11.49158,1.40223,0.00728,0.09098,0.72543,196.3
33,101376,540.8,3.72,1.96,41,579.6341463414634,0.0,0.5121951219512195,508.6341463414634,0.0,-0.00171,9.38523,1.38338,0.00416,0.04924,0.74186,202.0
34,104448,529.4,3.82,1.98,46,529.6086956521739,0.0,0.2826086956521739,459.5,0.0,-0.00083,10.61116,1.47262,0.00662,0.08032,0.57868,207.9
35,107520,548.2,3.65,1.95,32,713.21875,0.0,0.71875,637.8125,0.0,-0.00125,11.66039,1.46973,0.00486,0.04997,0.73458,213.5
36,110592,502.3,3.81,2.31,44,523.3409090909091,0.0,0.4772727272727273,451.5681818181818,0.0,-0.00313,8.68278,1.43038,0.00858,0.06828,0.74131,219.6
37,113664,535.7,3.74,1.99,45,504.06666666666666,0.0,0.7333333333333333,433.97777777777776,0.0,-0.00132,11.18943,1.46875,0.00697,0.05485,0.73748,225.4
38,116736,536.3,3.73,1.99,52,579.5384615384615,0.0,0.5384615384615384,509.21153846153845,0.0,-0.00267,10.69415,1.44714,0.007,0.09652,0.74302,231.1
39,119808,542.3,3.69,1.98,40,580.225,0.0,0.625,510.25,0.0,0.00027,11.15425,1.41833,0.00619,0.0804,0.76109,236.8
40,122880,530.7,3.83,1.96,45,531.1111111111111,0.0,0.4222222222222222,460.73333333333335,0.022222222222222223,-0.0035,6.95349,1.43495,0.00729,0.08382,0.81813,242.5
41,125952,522.0,3.86,2.02,56,435.9642857142857,0.0,0.25,367.98214285714283,0.0,5e-05,12.22631,1.39046,0.00545,0.07357,0.5638,248.4
42,129024,516.0,3.93,2.02,56,458.67857142857144,0.0,0.21428571428571427,391.05357142857144,0.0,-0.00102,11.01532,1.38545,0.00333,0.03215,0.593,254.4
43,132096,525.4,3.85,2.0,55,530.9272727272727,0.0,0.43636363636363634,461.4727272727273,0.0,-0.00235,10.47961,1.4693,0.00565,0.05566,0.57485,260.2
44,135168,539.3,3.72,1.98,50,493.38,0.0,0.2,425.22,0.0,-0.00395,8.94263,1.50155,0.00556,0.06299,0.59261,265.9
45,138240,518.9,3.94,1.98,50,509.4,0.0,0.4,440.06,0.0,-3e-05,8.76326,1.45503,0.00336,0.01107,0.70732,271.9
46,141312,544.2,3.62,2.02,44,550.75,0.0,0.3181818181818182,479.47727272727275,0.0,-0.00407,10.02897,1.41344,0.00583,0.07471,0.66414,277.5
47,144384,530.7,3.74,2.05,38,601.9473684210526,0.0,0.631578947368421,530.6052631578947,0.0,0.00047,7.62492,1.4131,0.0031,0.01855,0.76914,283.3
48,147456,535.2,3.69,2.05,43,491.04651162790697,0.0,0.27906976744186046,422.09302325581393,0.0,-0.00151,8.44453,1.52162,0.00916,0.12655,0.64023,289.0
49,150528,532.1,3.77,2.01,37,564.972972972973,0.0,0.5945945945945946,490.1081081081081,0.0,1e-05,9.6367,1.51927,0.00547,0.04907,0.69187,294.8
50,153600,512.0,3.99,2.01,50,488.14,0.0,0.22,418.08,0.0,-0.00493,6.84092,1.42981,0.00904,0.13517,0.75316,300.8
51,156672,543.5,3.7,1.95,37,597.3243243243244,0.0,0.40540540540540543,523.4594594594595,0.02702702702702703,-0.0037,9.24791,1.41803,0.00479,0.04842,0.74874,306.5
52,159744,560.7,3.52,1.96,32,615.15625,0.0,0.09375,541.71875,0.0,-0.00088,9.31496,1.44992,0.00757,0.08496,0.6095,311.9
53,162816,528.4,3.79,2.02,50,531.78,0.0,0.2,460.46,0.0,-0.00027,10.48452,1.43315,0.00744,0.06226,0.74237,317.8
54,165888,547.0,3.64,1.98,41,615.219512195122,0.0,0.7073170731707317,544.4634146341464,0.0,-0.0022,11.2862,1.36246,0.00591,0.06038,0.71758,323.4
55,168960,543.1,3.67,1.98,32,689.65625,0.0,0.78125,614.0,0.0,-0.00356,11.04127,1.38951,0.00526,0.05249,0.70475,329.0
56,172032,540.5,3.68,2.01,42,684.5952380952381,0.0,0.38095238095238093,611.4761904761905,0.0,-0.00252,12.07663,1.3546,0.00454,0.04264,0.63877,334.7
57,175104,541.7,3.69,1.98,38,579.7368421052631,0.0,0.15789473684210525,508.6842105263158,0.0,-0.00259,11.22873,1.34241,0.00501,0.04574,0.68856,340.4
58,178176,554.3,3.59,1.95,41,561.1463414634146,0.0,0.3170731707317073,489.4146341463415,0.024390243902439025,0.00137,11.54251,1.36478,0.00273,0.0144,0.61444,345.9
59,181248,551.3,3.64,1.93,40,553.8,0.0,0.45,481.8,0.0,-0.00074,9.344,1.37169,0.00403,0.04321,0.61747,351.5
60,184320,548.4,3.64,1.96,38,616.6052631578947,0.0,0.18421052631578946,543.078947368421,0.0,-0.00225,10.21352,1.34003,0.00612,0.0638,0.5192,357.1
61,187392,534.2,3.75,2.0,49,513.7755102040817,0.0,0.3469387755102041,443.6326530612245,0.0,0.00065,12.55297,1.30481,0.00514,0.04468,0.59467,362.9
62,190464,547.7,3.63,1.98,41,564.1463414634146,0.0,0.4878048780487805,493.2926829268293,0.0,-0.00043,10.19964,1.29665,0.00433,0.04338,0.55762,368.5
63,193536,538.4,3.65,2.05,42,615.4761904761905,0.0,0.4523809523809524,543.1428571428571,0.0,0.00024,12.32271,1.26687,0.00801,0.10913,0.66805,374.2
64,196608,536.4,3.77,1.95,44,619.2727272727273,0.0,0.4772727272727273,547.5909090909091,0.0,-0.0015,10.29062,1.2818,0.00842,0.0944,0.69469,379.9
65,199680,538.3,3.75,1.96,53,501.0377358490566,0.0,0.41509433962264153,432.35849056603774,0.0,-0.00058,13.72274,1.2891,0.00308,0.02946,0.61311,385.6
66,202752,527.3,3.88,1.95,50,486.92,0.0,0.2,418.9,0.0,-0.00226,10.62509,1.26063,0.00512,0.04769,0.6565,391.4
67,205824,552.7,3.6,1.96,49,600.0408163265306,0.0,0.3673469387755102,529.0,0.0,-0.00266,15.43185,1.28733,0.00479,0.05835,0.53503,397.1
68,208896,542.7,3.7,1.96,45,551.9333333333333,0.0,0.28888888888888886,481.8666666666667,0.0,-0.00185,8.68723,1.24855,0.00463,0.04997,0.74614,402.7
69,211968,530.3,3.84,1.95,48,569.3541666666666,0.0,0.5416666666666666,499.9375,0.0,-0.00114,16.80094,1.23051,0.00699,0.08,0.56287,408.5
70,215040,536.3,3.76,1.97,48,528.75,0.0,0.20833333333333334,458.0,0.0,-0.00239,11.03587,1.24641,0.00676,0.0839,0.63927,414.3
71,218112,538.2,3.69,2.02,49,488.2244897959184,0.0,0.22448979591836735,419.6326530612245,0.0,-0.00016,12.21859,1.18097,0.00466,0.05721,0.73858,420.0
72,221184,512.0,4.02,1.98,45,636.0222222222222,0.0,0.4888888888888889,564.5777777777778,0.0,-0.00287,13.10841,1.18488,0.00626,0.07552,0.66192,426.0
73,224256,536.7,3.74,1.98,51,537.7843137254902,0.0,0.17647058823529413,469.37254901960785,0.0,-3e-05,17.02843,1.04784,0.00675,0.07072,0.59793,431.7
74,227328,531.2,3.77,2.01,44,615.2272727272727,0.0,0.6363636363636364,543.6136363636364,0.0,-0.00222,13.62166,1.11337,0.00418,0.04818,0.5645,437.5
75,230400,518.5,3.95,1.97,47,509.2340425531915,0.0,0.2978723404255319,440.3404255319149,0.0,-0.00315,14.30661,1.01926,0.0037,0.04565,0.65317,443.4
76,233472,548.0,3.7,1.91,49,557.8775510204082,0.0,0.5306122448979592,487.9387755102041,0.0,7e-05,12.23126,1.09685,0.00329,0.02783,0.61726,449.0
77,236544,531.2,3.83,1.95,55,506.3272727272727,0.0,0.2727272727272727,437.54545454545456,0.0,-0.00532,11.63243,1.18089,0.00606,0.06535,0.70057,454.8
78,239616,541.8,3.78,1.89,55,504.58181818181816,0.0,0.45454545454545453,435.8909090909091,0.0,-0.00242,10.54569,1.19334,0.00787,0.07959,0.62664,460.5
79,242688,540.9,3.7,1.98,45,516.9555555555555,0.0,0.4444444444444444,447.44444444444446,0.0,-0.00379,12.36441,1.17926,0.00795,0.0953,0.62655,466.1
80,245760,543.4,3.73,1.92,46,571.5,0.0,0.6086956521739131,500.5869565217391,0.0,-0.00125,11.87825,1.20135,0.00481,0.05754,0.71343,471.8
81,248832,516.3,3.86,2.09,44,530.5,0.0,0.5,459.47727272727275,0.0,-0.00428,9.68253,1.28727,0.00591,0.06885,0.59147,477.7
82,251904,554.2,3.6,1.94,41,506.5121951219512,0.0,0.24390243902439024,435.5121951219512,0.0,-0.00084,6.47008,1.28381,0.00409,0.04069,0.74477,483.3
83,254976,547.5,3.69,1.92,45,634.4666666666667,0.0,0.28888888888888886,561.8888888888889,0.0,0.0001,10.75355,1.23902,0.00263,0.02303,0.66145,488.9
84,258048,524.1,3.88,1.98,48,538.8333333333334,0.0,0.3958333333333333,469.6041666666667,0.0,-0.00206,9.90238,1.27617,0.00516,0.05949,0.63975,494.8
85,261120,534.7,3.77,1.97,51,507.6078431372549,0.0,0.37254901960784315,438.7450980392157,0.0,-0.00165,12.22083,1.24426,0.00651,0.08683,0.49127,500.5
86,264192,551.7,3.57,2.0,35,625.4571428571429,0.0,0.37142857142857144,551.8857142857142,0.0,-0.0006,8.65355,1.20903,0.00681,0.07088,0.74121,506.1
87,267264,529.0,3.75,2.05,46,630.9565217391304,0.0,0.43478260869565216,558.9347826086956,0.0,-0.00178,11.79848,1.16214,0.00688,0.09749,0.67223,511.9
88,270336,551.4,3.65,1.93,46,509.9347826086956,0.0,0.2826086956521739,441.6304347826087,0.0,-0.00395,11.02748,1.20494,0.00535,0.07284,0.62658,517.5
89,273408,549.0,3.67,1.93,42,662.0952380952381,0.0,0.5,589.9047619047619,0.0,-0.00081,14.15966,1.11034,0.0058,0.05721,0.70724,523.1
90,276480,542.4,3.7,1.97,47,552.6595744680851,0.0,0.2978723404255319,482.1276595744681,0.0,-0.00058,13.63334,1.17298,0.0051,0.05176,0.67328,528.7
91,279552,546.9,3.62,2.0,46,547.1521739130435,0.0,0.32608695652173914,477.67391304347825,0.0,0.00045,13.85968,1.1236,0.00726,0.07959,0.56915,534.3
92,282624,523.2,3.86,2.01,46,541.0217391304348,0.021739130434782608,0.1956521739130435,470.0869565217391,0.0,0.00187,12.40423,1.15385,0.00499,0.04606,0.6026,540.2
93,285696,519.4,3.97,1.95,49,577.0408163265306,0.0,0.20408163265306123,507.44897959183675,0.0,-0.00217,11.56472,1.07599,0.00623,0.06999,0.68604,546.1
94,288768,526.9,3.79,2.04,44,512.1818181818181,0.0,0.18181818181818182,442.70454545454544,0.0,0.00125,12.49727,1.07968,0.00425,0.04427,0.69594,552.0
95,291840,523.6,3.89,1.98,55,523.4727272727273,0.0,0.41818181818181815,454.8909090909091,0.0,-0.00044,12.03047,1.05696,0.00461,0.04126,0.72421,557.8
96,294912,533.7,3.77,1.98,48,570.4166666666666,0.0,0.8958333333333334,500.0625,0.0,0.00084,8.86117,1.0618,0.00332,0.02824,0.80411,563.6
97,297984,543.6,3.66,1.99,41,580.3414634146342,0.0,0.2926829268292683,510.3658536585366,0.0,0.00126,13.54784,1.13375,0.00585,0.05965,0.61684,569.2
98,301056,542.3,3.76,1.91,48,533.375,0.0,0.4791666666666667,463.0208333333333,0.0,-0.00097,10.7438,1.19131,0.00438,0.05168,0.66311,574.9
99,304128,553.4,3.59,1.96,41,614.0,0.0,0.5121951219512195,543.2439024390244,0.0,-0.00047,11.86832,1.15992,0.00566,0.06038,0.66355,580.5
100,307200,531.7,3.78,1.99,53,522.6981132075472,0.0,0.22641509433962265,453.52830188679246,0.0,0.00094,13.81784,1.19441,0.00669,0.07617,0.61797,586.3
101,310272,557.1,3.57,1.95,39,671.7435897435897,0.0,0.5641025641025641,599.3589743589744,0.0,-0.00112,12.61568,1.21226,0.00526,0.06763,0.66898,591.8
102,313344,540.4,3.73,1.95,54,545.6111111111111,0.0,0.5,475.98148148148147,0.0,-0.0002,14.30621,1.20633,0.00583,0.07031,0.63037,597.5
103,316416,524.5,3.88,1.98,50,504.76,0.0,0.38,436.14,0.0,-0.00333,11.32467,1.1891,0.00576,0.06234,0.71483,603.4
104,319488,514.0,3.67,2.31,44,537.4090909090909,0.0,0.25,467.6363636363636,0.0,0.00157,7.81577,1.21615,0.00506,0.05054,0.74183,609.3
105,322560,519.5,3.9,2.01,44,503.29545454545456,0.0,0.3181818181818182,434.0681818181818,0.022727272727272728,-0.00313,12.52805,1.16844,0.00804,0.07332,0.66269,615.3
106,325632,544.6,3.68,1.96,38,741.1842105263158,0.0,0.6052631578947368,666.7105263157895,0.0,0.00028,12.34865,1.15385,0.00402,0.03507,0.73462,620.9
107,328704,535.9,3.75,1.98,43,656.0697674418604,0.0,0.7441860465116279,583.9069767441861,0.0,0.00342,10.42065,1.15965,0.00729,0.09424,0.73495,626.6
108,331776,522.4,3.89,1.99,46,578.1086956521739,0.0,0.5652173913043478,508.10869565217394,0.0,-0.00087,11.74928,1.17102,0.00711,0.08431,0.70403,632.5
109,334848,538.8,3.71,1.99,42,549.6666666666666,0.0,0.23809523809523808,479.1666666666667,0.0,0.0004,11.52857,1.14399,0.00326,0.02669,0.78493,638.2
110,337920,541.1,3.73,1.94,42,668.5952380952381,0.0,0.8571428571428571,596.3809523809524,0.0,-0.00016,13.79983,1.16457,0.00593,0.0721,0.72538,643.9
111,340992,539.0,3.72,1.98,44,601.5909090909091,0.0,0.8636363636363636,531.3863636363636,0.0,9e-05,15.2683,1.16459,0.0053,0.05998,0.63962,649.6
112,344064,544.1,3.73,1.91,50,550.56,0.0,0.56,480.96,0.0,-0.00199,13.15938,1.15258,0.00477,0.04093,0.71461,655.2
113,347136,523.9,3.89,1.98,48,536.6041666666666,0.0,0.6041666666666666,466.7916666666667,0.0,-0.00076,7.31199,1.10278,0.00607,0.08521,0.82059,661.1
114,350208,551.1,3.56,2.01,37,567.3243243243244,0.0,0.5405405405405406,496.9189189189189,0.0,0.00248,11.43534,1.15234,0.00483,0.059,0.78082,666.7
115,353280,538.3,3.63,2.08,46,573.4565217391304,0.0,0.6739130434782609,502.2826086956522,0.0,0.00123,10.20096,1.06889,0.01031,0.11133,0.75674,672.4
116,356352,530.8,3.83,1.95,44,539.1590909090909,0.0,0.29545454545454547,467.90909090909093,0.0,0.00169,7.75566,1.10529,0.0076,0.10352,0.74767,678.2
117,359424,536.5,3.72,2.0,47,536.4042553191489,0.0,0.2127659574468085,467.2340425531915,0.0,0.00195,13.6553,1.11985,0.00747,0.08708,0.60948,683.9
118,362496,528.0,3.83,1.98,48,630.0833333333334,0.0,0.75,559.3125,0.0,0.00061,10.95631,1.1569,0.0082,0.08691,0.69851,689.7
119,365568,525.0,3.85,2.0,45,525.8,0.0,0.17777777777777778,456.68888888888887,0.0,-0.00253,10.99916,1.17637,0.00491,0.04468,0.69384,695.6
120,368640,544.4,3.63,2.01,40,682.65,0.0,0.725,609.05,0.0,-0.00199,9.46168,1.1557,0.00663,0.06576,0.59709,701.2
121,371712,543.3,3.68,1.97,42,522.1904761904761,0.0,0.07142857142857142,452.26190476190476,0.0,-0.00266,11.61889,1.14579,0.00513,0.05379,0.55577,706.9
122,374784,530.7,3.84,1.95,51,545.9411764705883,0.0,0.5294117647058824,475.8235294117647,0.0,-0.00222,9.15897,1.18455,0.00644,0.06592,0.61284,712.7
123,377856,550.5,3.69,1.89,42,472.2857142857143,0.0,0.2619047619047619,403.64285714285717,0.0,-0.00239,8.73446,1.18515,0.00505,0.06152,0.66995,718.3
124,380928,532.3,3.79,1.98,49,553.6938775510204,0.0,0.4489795918367347,481.9183673469388,0.0,0.00224,8.65013,1.19489,0.00685,0.08008,0.44549,724.0
125,384000,552.7,3.68,1.88,45,479.22222222222223,0.0,0.2,410.5111111111111,0.0,-0.00364,9.06084,1.19369,0.00556,0.0498,0.5907,729.6
126,387072,553.5,3.68,1.87,39,635.2307692307693,0.0,0.4358974358974359,560.5128205128206,0.0,0.00048,8.31522,1.10622,0.00497,0.04451,0.57989,735.1
127,390144,530.1,3.81,1.99,46,536.9565217391304,0.0,0.391304347826087,467.3478260869565,0.0,-0.00244,10.6738,1.09133,0.00572,0.05428,0.63033,740.9
128,393216,541.1,3.67,2.01,47,585.2765957446809,0.0,0.3617021276595745,515.0851063829788,0.0,0.00058,11.89689,1.11748,0.00359,0.02808,0.61078,746.6
129,396288,544.4,3.66,1.98,41,596.0975609756098,0.0,0.5365853658536586,524.6585365853658,0.0,0.00191,11.67377,1.15401,0.00695,0.08911,0.66695,752.3
130,399360,531.4,3.76,2.02,46,522.3478260869565,0.0,0.391304347826087,453.2391304347826,0.0,-0.00363,13.5538,1.09883,0.00669,0.0887,0.59903,758.0
131,402432,534.0,3.84,1.91,52,541.1923076923077,0.0,0.3076923076923077,471.40384615384613,0.0,-0.00034,12.32734,1.0533,0.00546,0.07064,0.73785,763.8
132,405504,536.4,3.84,1.89,49,522.7142857142857,0.0,0.32653061224489793,454.18367346938777,0.0,-0.00111,11.23431,1.03249,0.00657,0.06763,0.70407,769.6
133,408576,544.2,3.67,1.97,42,562.7619047619048,0.0,0.40476190476190477,491.6666666666667,0.0,-0.00369,11.31552,0.98187,0.00468,0.03467,0.72418,775.2
134,411648,527.3,3.86,1.97,54,527.7962962962963,0.0,0.3333333333333333,458.537037037037,0.0,-0.00232,8.91454,1.04132,0.00549,0.04972,0.8061,781.1
135,414720,562.2,3.64,1.83,39,631.3333333333334,0.0,0.358974358974359,559.2564102564103,0.0,0.00342,12.64398,1.05188,0.01565,0.18807,0.75137,786.5
136,417792,512.5,3.68,2.31,49,585.6122448979592,0.0,0.3877551020408163,515.4285714285714,0.0,-0.00022,10.7201,1.07359,0.00646,0.06982,0.72198,792.5
137,420864,542.0,3.69,1.98,47,504.40425531914894,0.0,0.2978723404255319,435.27659574468083,0.0,-0.0034,9.1922,1.02427,0.00519,0.04663,0.69353,798.2
138,423936,536.4,3.76,1.96,46,577.1304347826087,0.0,0.6086956521739131,507.10869565217394,0.0,-0.00206,12.67601,1.0057,0.00409,0.04395,0.67417,803.9
139,427008,553.6,3.54,2.01,42,528.9761904761905,0.0,0.5476190476190477,458.1190476190476,0.0,0.00265,7.20842,1.07743,0.01795,0.21118,0.75503,809.5
140,430080,541.3,3.7,1.98,40,617.275,0.0,0.55,544.6,0.0,0.00306,11.91499,1.04226,0.00963,0.12199,0.69686,815.1
141,433152,531.1,3.88,1.9,50,537.72,0.0,0.32,468.86,0.0,0.00061,10.83077,1.07496,0.00492,0.03719,0.67787,820.9
142,436224,518.6,3.92,2.01,48,508.9583333333333,0.0,0.16666666666666666,440.3541666666667,0.0,-0.00213,10.05637,1.04424,0.00379,0.03532,0.74993,826.9
143,439296,537.2,3.78,1.94,47,577.7659574468086,0.0,0.48936170212765956,507.4255319148936,0.02127659574468085,-0.0043,12.01104,1.03191,0.00797,0.08187,0.77638,832.6
144,442368,526.7,3.7,2.13,44,544.25,0.0,0.5454545454545454,474.3636363636364,0.0,-0.00213,12.08912,1.09384,0.00491,0.05884,0.61432,838.4
145,445440,543.3,3.67,1.99,56,525.7678571428571,0.0,0.32142857142857145,455.89285714285717,0.0,-0.00297,13.08242,1.14685,0.00564,0.059,0.67578,844.1
146,448512,563.5,3.6,1.85,38,584.7631578947369,0.0,0.47368421052631576,514.9473684210526,0.0,0.00175,15.00263,1.08032,0.00707,0.09383,0.62529,849.5
147,451584,553.2,3.58,1.98,35,704.0571428571428,0.0,0.6285714285714286,628.0,0.0,-0.00361,9.79937,1.17751,0.00641,0.06974,0.68502,855.1
148,454656,543.2,3.7,1.95,52,567.9615384615385,0.0,0.38461538461538464,498.3269230769231,0.0,-0.00218,11.80038,1.16126,0.00664,0.06527,0.67269,860.7
149,457728,546.3,3.67,1.95,47,535.8297872340426,0.0,0.46808510638297873,466.8723404255319,0.0,-0.00075,9.13723,1.15087,0.00668,0.07731,0.71948,866.3
150,460800,538.8,3.71,1.99,45,590.4888888888889,0.0,0.4444444444444444,519.2888888888889,0.0,0.00189,12.34906,1.16649,0.00575,0.05477,0.69583,872.1
151,463872,533.0,3.74,2.03,44,546.6818181818181,0.0,0.75,477.6136363636364,0.0,-0.00254,12.95632,1.17973,0.00482,0.05404,0.66819,877.8
152,466944,516.7,4.0,1.94,51,580.5294117647059,0.0,0.47058823529411764,510.05882352941177,0.0,-0.00062,12.09262,1.22903,0.00293,0.03369,0.75345,883.8
153,470016,550.1,3.6,1.99,44,538.5227272727273,0.0,0.2727272727272727,468.72727272727275,0.0,-0.00173,11.97078,1.24858,0.00716,0.0835,0.5808,889.3
154,473088,529.1,3.85,1.96,48,573.2083333333334,0.0,0.2708333333333333,502.4791666666667,0.0,0.00303,13.53831,1.253,0.00831,0.09652,0.62444,895.2
155,476160,529.1,3.82,1.99,57,452.6842105263158,0.0,0.40350877192982454,386.05263157894734,0.0,-0.00051,11.26587,1.3039,0.0081,0.09025,0.73088,901.0
156,479232,526.7,3.75,2.08,39,652.6923076923077,0.0,0.9487179487179487,579.4358974358975,0.0,0.0005,8.37284,1.25309,0.00663,0.07951,0.7294,906.9
157,482304,486.3,4.21,2.11,39,579.0769230769231,0.0,0.5384615384615384,508.46153846153845,0.0,-0.00212,6.99943,1.24862,0.00797,0.10474,0.78929,913.2
158,485376,514.3,3.94,2.04,44,601.6818181818181,0.0,0.1590909090909091,529.2272727272727,0.0,-0.00154,12.069,1.27474,0.00543,0.06803,0.67307,919.2
159,488448,516.2,3.8,2.15,38,617.8684210526316,0.0,0.42105263157894735,545.5263157894736,0.0,-0.00169,11.4982,1.21945,0.00731,0.10726,0.67721,925.1
160,491520,522.3,3.9,1.98,42,601.3333333333334,0.0,0.8333333333333334,530.7857142857143,0.023809523809523808,-0.00017,13.0288,1.20916,0.00597,0.06592,0.72315,931.0
161,494592,527.1,3.76,2.07,36,659.4722222222222,0.0,0.6944444444444444,586.5555555555555,0.0,-0.00151,11.86357,1.21658,0.00717,0.08105,0.7253,936.8
162,497664,536.4,3.76,1.96,46,644.195652173913,0.0,0.6739130434782609,571.9130434782609,0.0,-0.00218,15.67242,1.15684,0.00763,0.09017,0.61553,942.6
163,500736,502.6,3.88,2.23,41,535.3414634146342,0.0,0.21951219512195122,465.4634146341463,0.0,-0.00084,13.56686,1.18935,0.00424,0.0411,0.73882,948.7
164,503808,548.2,3.7,1.9,42,584.047619047619,0.0,0.5952380952380952,513.6904761904761,0.0,0.00397,17.53436,1.26878,0.00946,0.13485,0.57452,954.3
165,506880,524.4,3.87,1.99,41,640.7560975609756,0.0,0.6829268292682927,568.5853658536586,0.0,-0.00353,11.49418,1.23493,0.0079,0.10571,0.72892,960.2
166,509952,554.7,3.59,1.95,43,567.8139534883721,0.0,0.3953488372093023,496.4418604651163,0.023255813953488372,-0.00353,10.40334,1.2542,0.00683,0.06478,0.7711,965.7
167,513024,550.1,3.61,1.97,46,512.1521739130435,0.0,0.391304347826087,443.1304347826087,0.0,-0.00143,9.26463,1.21917,0.00324,0.03239,0.81188,971.3
168,516096,540.0,3.69,2.0,48,548.1666666666666,0.0,0.375,477.8541666666667,0.0,-0.00203,11.04292,1.23427,0.00619,0.07943,0.66051,977.0
169,519168,548.4,3.68,1.92,45,585.4666666666667,0.0,0.6666666666666666,513.8888888888889,0.0,0.00119,10.06758,1.24352,0.00506,0.05347,0.76213,982.6
170,522240,531.2,3.79,1.99,47,516.1063829787234,0.0,0.46808510638297873,446.25531914893617,0.02127659574468085,-0.00185,11.76192,1.27939,0.00569,0.0638,0.77338,988.4
171,525312,543.6,3.7,1.95,42,560.3095238095239,0.0,0.5714285714285714,490.0238095238095,0.0,-0.00289,11.55077,1.23679,0.0054,0.05615,0.75446,994.1
172,528384,524.7,3.87,1.99,50,553.0,0.0,0.76,483.08,0.0,-0.00187,10.07422,1.18793,0.00488,0.05876,0.77665,999.9
173,531456,542.0,3.67,2.0,46,518.9347826086956,0.0,0.43478260869565216,449.45652173913044,0.0,0.00181,11.06464,1.26252,0.00587,0.05526,0.66228,1005.6
174,534528,558.9,3.48,2.01,41,585.9756097560976,0.0,0.3170731707317073,515.6829268292682,0.0,-0.00026,12.25646,1.2139,0.00673,0.0752,0.65429,1011.1
175,537600,538.7,3.68,2.02,39,700.6410256410256,0.0,0.41025641025641024,625.6410256410256,0.02564102564102564,0.00234,13.33237,1.28204,0.00834,0.10864,0.69192,1016.8
176,540672,537.6,3.67,2.05,42,558.7857142857143,0.0,0.7142857142857143,489.26190476190476,0.0,-0.00101,12.09911,1.28384,0.00842,0.11523,0.7406,1022.5
177,543744,536.0,3.74,1.99,46,597.5,0.0,0.5434782608695652,526.4782608695652,0.0,-0.00088,12.09832,1.31617,0.00769,0.11141,0.76228,1028.2
178,546816,526.2,3.91,1.92,49,524.3469387755102,0.0,0.5306122448979592,455.2244897959184,0.0,-0.0008,12.79494,1.28749,0.00552,0.05534,0.74896,1034.1
179,549888,549.6,3.64,1.95,51,501.4117647058824,0.0,0.35294117647058826,432.5882352941176,0.0,-0.00398,14.00814,1.25352,0.00631,0.07137,0.68286,1039.7
180,552960,538.4,3.76,1.94,49,594.9795918367347,0.0,0.6122448979591837,524.734693877551,0.0,-0.00305,14.30132,1.29818,0.00583,0.06519,0.66417,1045.4
181,556032,518.4,3.94,1.99,55,482.8,0.0,0.21818181818181817,414.23636363636365,0.0,-0.00087,10.907,1.32318,0.00459,0.04842,0.61973,1051.3
182,559104,530.3,3.81,1.98,39,513.4615384615385,0.0,0.15384615384615385,443.05128205128204,0.0,-0.00062,8.62159,1.35435,0.00536,0.05664,0.58765,1057.1
183,562176,553.5,3.66,1.89,41,622.439024390244,0.0,0.43902439024390244,549.7073170731708,0.0,-0.00229,10.28075,1.29227,0.00705,0.08561,0.62912,1062.6
184,565248,556.8,3.57,1.95,43,565.0930232558139,0.0,0.3953488372093023,494.5813953488372,0.0,-0.00084,12.89852,1.27779,0.00692,0.08748,0.55166,1068.2
185,568320,508.4,4.01,2.03,52,496.1923076923077,0.0,0.4230769230769231,427.88461538461536,0.0,-0.00018,13.42507,1.28791,0.00665,0.0682,0.60972,1074.2
186,571392,520.8,3.86,2.04,46,578.9782608695652,0.0,0.30434782608695654,509.10869565217394,0.0,-0.00061,13.71668,1.27777,0.00562,0.06217,0.65752,1080.1
187,574464,568.3,3.53,1.88,42,613.3809523809524,0.0,0.19047619047619047,541.3809523809524,0.0,-0.00494,11.01881,1.33579,0.0085,0.1224,0.63217,1085.5
188,577536,531.3,3.79,1.99,43,590.9767441860465,0.0,0.5116279069767442,520.0697674418604,0.0,-0.0024,13.0069,1.29056,0.00799,0.10205,0.57344,1091.3
189,580608,543.3,3.72,1.93,45,597.5333333333333,0.0,0.4222222222222222,526.5111111111111,0.0,-0.00041,9.76693,1.29276,0.00547,0.05607,0.68082,1097.0
190,583680,534.5,3.73,2.01,46,577.7608695652174,0.0,0.6956521739130435,508.3478260869565,0.0,-0.00243,10.05848,1.29848,0.00536,0.05225,0.76586,1102.7
191,586752,540.3,3.59,2.1,42,621.2142857142857,0.0,0.8333333333333334,550.2380952380952,0.0,-0.00228,10.07137,1.31776,0.00622,0.08415,0.76222,1108.4
192,589824,537.6,3.87,1.84,51,466.9019607843137,0.0,0.39215686274509803,397.3921568627451,0.0,-0.00139,11.53633,1.29965,0.00441,0.05013,0.68747,1114.1
193,592896,551.1,3.59,1.99,41,556.4878048780488,0.0,0.4146341463414634,485.5853658536585,0.0,-0.00221,11.22603,1.33441,0.00582,0.07349,0.65688,1119.7
194,595968,533.7,3.78,1.98,42,551.2142857142857,0.0,0.7142857142857143,480.9761904761905,0.0,0.00041,7.60564,1.32734,0.00736,0.08659,0.71851,1125.4
195,599040,549.6,3.62,1.97,39,602.0512820512821,0.0,0.5128205128205128,529.5641025641025,0.0,-0.00108,9.32216,1.30987,0.00611,0.06616,0.74789,1131.0
196,602112,527.7,3.82,2.0,42,637.7619047619048,0.023809523809523808,0.7619047619047619,566.0,0.0,-0.00114,13.33207,1.31393,0.0069,0.0721,0.70073,1136.8
197,605184,550.9,3.56,2.01,42,607.3333333333334,0.0,0.40476190476190477,535.6666666666666,0.0,-0.00065,10.10549,1.37434,0.00833,0.1097,0.68129,1142.5
198,608256,533.4,3.79,1.97,42,580.2142857142857,0.0,0.35714285714285715,508.54761904761904,0.023809523809523808,-0.00168,13.1182,1.36874,0.00646,0.08643,0.71738,1148.3
199,611328,522.9,3.92,1.96,51,521.0980392156863,0.0,0.5294117647058824,451.84313725490193,0.0,-0.00255,7.66714,1.34777,0.00638,0.07015,0.81667,1154.1
200,614400,556.9,3.55,1.97,46,531.695652173913,0.0,0.4782608695652174,462.60869565217394,0.0,-0.00184,11.82876,1.31457,0.00574,0.06405,0.7677,1159.6
201,617472,551.7,3.56,2.01,48,587.4375,0.0,0.6458333333333334,517.3958333333334,0.0,-0.00266,11.4028,1.34122,0.00769,0.0909,0.7728,1165.2
202,620544,545.6,3.7,1.93,54,482.35185185185185,0.0,0.25925925925925924,414.1666666666667,0.0,0.0,9.9165,1.31157,0.00917,0.12948,0.7385,1170.8
203,623616,543.6,3.7,1.96,40,537.65,0.0,0.6,468.525,0.0,-0.00174,10.21579,1.28023,0.00691,0.07853,0.75318,1176.5
204,626688,542.9,3.69,1.96,46,690.4130434782609,0.0,1.1304347826086956,617.8695652173913,0.0,-0.00281,8.58967,1.28887,0.00346,0.02767,0.80933,1182.2
205,629760,548.7,3.7,1.9,42,590.0238095238095,0.0,0.6428571428571429,519.5238095238095,0.0,-0.00298,13.74976,1.25519,0.00833,0.09652,0.70705,1187.8
206,632832,542.8,3.63,2.03,40,622.225,0.0,0.475,550.725,0.0,-0.00044,10.84333,1.23685,0.00476,0.05656,0.73104,1193.4
207,635904,522.0,3.89,2.0,50,569.94,0.0,0.32,499.98,0.0,0.00052,12.16668,1.24261,0.00684,0.07153,0.73572,1199.3
208,638976,537.5,3.79,1.92,44,571.0681818181819,0.0,0.7045454545454546,501.1363636363636,0.0,-0.00315,11.89848,1.24073,0.00575,0.06478,0.75271,1205.0
209,642048,530.2,3.78,2.01,45,582.6888888888889,0.0,0.8,511.5111111111111,0.0,-0.00045,9.52442,1.25846,0.00658,0.07568,0.76784,1210.8
210,645120,530.8,3.85,1.94,45,598.6222222222223,0.0,0.4888888888888889,528.4,0.0,-0.003,10.70219,1.25097,0.00657,0.08903,0.76047,1216.6
211,648192,543.7,3.67,1.98,46,447.69565217391306,0.0,0.32608695652173914,379.54347826086956,0.0,-0.00063,9.46499,1.31277,0.00537,0.05908,0.6819,1222.3
212,651264,532.5,3.82,1.95,49,573.3877551020408,0.0,0.6122448979591837,503.1224489795918,0.0,-0.00329,9.31671,1.291,0.00513,0.05233,0.77794,1228.0
213,654336,531.9,3.77,2.01,43,559.6511627906976,0.0,0.5348837209302325,489.5581395348837,0.0,-0.00234,9.1299,1.29414,0.00743,0.09237,0.75223,1233.8
214,657408,535.8,3.76,1.98,40,579.05,0.0,0.45,508.25,0.0,-0.00204,10.91955,1.37604,0.00686,0.08407,0.59206,1239.5
215,660480,539.4,3.69,2.0,46,604.7826086956521,0.021739130434782608,0.41304347826086957,531.9347826086956,0.0,-0.00242,13.2264,1.39028,0.00558,0.07389,0.71616,1245.2
216,663552,535.6,3.79,1.94,47,511.5531914893617,0.0,0.6382978723404256,443.06382978723406,0.0,-0.00136,8.55144,1.40985,0.00528,0.06584,0.82969,1251.0
217,666624,544.4,3.66,1.98,40,610.475,0.0,0.65,539.175,0.0,-0.00221,9.14562,1.41596,0.00529,0.07031,0.77716,1256.6
218,669696,551.0,3.59,1.99,41,539.219512195122,0.0,0.4146341463414634,467.6585365853659,0.0,-0.00455,7.66169,1.45926,0.00595,0.07601,0.82007,1262.2
219,672768,531.8,3.84,1.93,46,582.0652173913044,0.0,0.34782608695652173,511.5217391304348,0.0,-0.00351,10.92585,1.40384,0.00514,0.06136,0.75626,1268.0
220,675840,537.7,3.75,1.96,45,575.4444444444445,0.0,0.5333333333333333,504.31111111111113,0.0,-0.00105,11.57234,1.36101,0.00828,0.11133,0.74661,1273.7
221,678912,526.9,3.84,1.99,48,499.0833333333333,0.0,0.5208333333333334,430.4791666666667,0.0,-0.0007,12.29565,1.33712,0.00604,0.07682,0.65387,1279.5
222,681984,539.6,3.71,1.98,44,581.0,0.0,0.3181818181818182,509.4318181818182,0.0,0.00071,11.33612,1.35226,0.00938,0.12362,0.72742,1285.2
223,685056,553.2,3.56,1.99,41,621.439024390244,0.0,0.6341463414634146,550.0975609756098,0.0,-0.00212,11.4265,1.38301,0.00668,0.09098,0.6675,1290.8
224,688128,533.0,3.83,1.94,48,567.0,0.0,0.20833333333333334,496.4375,0.0,-0.00276,12.91307,1.46026,0.00556,0.06079,0.67117,1296.5
225,691200,544.0,3.68,1.97,45,609.9111111111112,0.0,0.6888888888888889,539.1777777777778,0.0,0.00059,15.37935,1.43296,0.00502,0.05713,0.63517,1302.2
226,694272,544.0,3.64,2.0,44,540.75,0.0,0.45454545454545453,471.6363636363636,0.0,-0.00366,13.83768,1.40267,0.00406,0.04533,0.688,1307.8
227,697344,550.8,3.62,1.95,42,626.6428571428571,0.0,0.5952380952380952,554.7380952380952,0.0,-0.00162,11.72905,1.4427,0.00816,0.09196,0.7016,1313.4
228,700416,547.2,3.65,1.96,48,539.5833333333334,0.0,0.625,469.3125,0.0,-0.00446,11.87077,1.45948,0.00517,0.05949,0.73661,1319.0
229,703488,561.0,3.57,1.9,37,685.5675675675676,0.0,0.6756756756756757,611.6486486486486,0.0,-0.00408,12.43831,1.44255,0.00739,0.10295,0.624,1324.6
230,706560,539.5,3.79,1.9,39,551.8974358974359,0.0,0.41025641025641024,482.56410256410254,0.0,-0.00076,10.94603,1.46209,0.00657,0.07381,0.69268,1330.3
231,709632,551.7,3.57,2.0,44,579.2727272727273,0.0,0.5,507.1136363636364,0.0,-0.00567,11.58728,1.49071,0.00986,0.13053,0.6659,1335.8
232,712704,544.7,3.62,2.02,38,693.6315789473684,0.0,0.7105263157894737,619.7631578947369,0.0,-0.00203,11.66961,1.48602,0.00551,0.066,0.70056,1341.5
233,715776,555.3,3.53,2.01,39,673.974358974359,0.0,0.6666666666666666,601.3333333333334,0.0,-0.00241,14.7709,1.47537,0.00556,0.03988,0.60756,1347.0
234,718848,565.0,3.45,1.98,31,688.4516129032259,0.0,0.25806451612903225,615.1290322580645,0.0,-0.00349,9.12571,1.44858,0.00486,0.05298,0.79377,1352.4
235,721920,530.9,3.81,1.97,47,588.7234042553191,0.0,0.40425531914893614,517.468085106383,0.0,-0.003,14.34356,1.48829,0.0058,0.06209,0.69215,1358.2
236,724992,527.4,3.78,2.05,47,546.6170212765958,0.0,0.2553191489361702,476.4468085106383,0.0,-0.00144,12.87746,1.45353,0.00628,0.08634,0.72055,1364.1
237,728064,564.3,3.45,1.99,39,665.7179487179487,0.0,0.6410256410256411,593.0769230769231,0.0,-0.00572,11.52318,1.44933,0.00638,0.07487,0.75462,1369.5
238,731136,546.4,3.66,1.96,44,548.75,0.0,0.6136363636363636,479.1136363636364,0.0,-0.00113,13.6641,1.42004,0.00355,0.02238,0.57425,1375.1
239,734208,525.4,3.78,2.06,46,612.4347826086956,0.0,0.34782608695652173,541.3913043478261,0.0,-0.00294,13.58126,1.43958,0.00466,0.0354,0.64251,1381.0
240,737280,541.9,3.71,1.96,46,540.8913043478261,0.0,0.32608695652173914,471.0869565217391,0.0,-0.00315,14.63467,1.46995,0.00548,0.07243,0.5846,1386.6
241,740352,539.2,3.68,2.02,41,586.6585365853658,0.0,0.34146341463414637,514.609756097561,0.0,-0.00378,10.33126,1.44909,0.00494,0.05493,0.73619,1392.3
242,743424,525.0,3.85,2.0,43,518.8372093023256,0.0,0.18604651162790697,448.6511627906977,0.0,-0.00134,12.44494,1.48845,0.00559,0.073,0.67763,1398.2
243,746496,510.8,4.06,1.96,58,550.051724137931,0.0,0.39655172413793105,480.2068965517241,0.0,-0.00212,13.68715,1.5305,0.00443,0.05249,0.57853,1404.2
244,749568,527.3,3.84,1.99,51,488.2352941176471,0.0,0.4117647058823529,420.7843137254902,0.0,-0.00495,14.95392,1.50508,0.00888,0.1241,0.63084,1410.0
245,752640,541.8,3.73,1.94,42,612.2857142857143,0.0,0.5,541.547619047619,0.0,-0.00387,11.95125,1.43253,0.00519,0.05086,0.64195,1415.7
246,755712,534.7,3.67,2.08,44,618.0909090909091,0.0,0.6363636363636364,546.8636363636364,0.0,-0.00352,13.15196,1.40078,0.00524,0.04761,0.70963,1421.5
247,758784,543.5,3.71,1.94,41,562.0731707317074,0.0,0.5121951219512195,490.609756097561,0.0,-0.00193,11.03135,1.38881,0.00499,0.0612,0.58067,1427.1
248,761856,550.2,3.65,1.93,41,621.1951219512196,0.0,0.5365853658536586,549.4878048780488,0.0,-0.00378,12.25674,1.43685,0.00498,0.06014,0.74679,1432.7
249,764928,531.1,3.86,1.92,49,572.795918367347,0.0,0.5918367346938775,502.7959183673469,0.0,-0.00648,12.95328,1.45842,0.00974,0.15413,0.73849,1438.5
250,768000,536.1,3.78,1.95,46,554.2391304347826,0.0,0.5869565217391305,484.69565217391306,0.0,-0.00345,15.19509,1.45496,0.00987,0.13363,0.65625,1444.2
251,771072,549.7,3.62,1.97,36,622.3333333333334,0.0,0.4722222222222222,550.0277777777778,0.0,-0.00174,11.92637,1.43978,0.00883,0.10767,0.71616,1449.8
252,774144,542.9,3.72,1.94,40,759.95,0.0,0.95,685.3,0.0,-0.00157,13.56744,1.44621,0.00674,0.08016,0.73145,1455.5
253,777216,527.0,3.81,2.02,49,540.1428571428571,0.0,0.3877551020408163,471.38775510204084,0.0,0.00063,16.73768,1.46564,0.00625,0.06698,0.67173,1461.3
254,780288,540.1,3.73,1.96,41,594.0975609756098,0.0,0.7073170731707317,522.5853658536586,0.0,-0.00771,11.89128,1.45616,0.00805,0.09928,0.74042,1467.0
255,783360,539.6,3.73,1.96,39,626.5128205128206,0.0,0.4358974358974359,553.3846153846154,0.0,-0.00167,8.75416,1.48263,0.00499,0.0437,0.76011,1472.7
256,786432,542.2,3.66,2.01,37,644.0,0.0,0.5405405405405406,570.8378378378378,0.0,-0.00078,13.97805,1.47899,0.00454,0.03182,0.73848,1478.3
257,789504,553.3,3.63,1.92,45,588.4888888888889,0.0,0.6222222222222222,517.2222222222222,0.0,-0.00457,13.15024,1.40705,0.008,0.09814,0.77598,1483.9
258,792576,547.6,3.63,1.98,43,545.9069767441861,0.0,0.46511627906976744,475.8837209302326,0.0,-0.00369,10.7178,1.37895,0.00484,0.05143,0.79675,1489.5
259,795648,550.3,3.65,1.94,41,608.3170731707318,0.0,0.43902439024390244,536.9268292682926,0.0,-0.00233,14.17249,1.36991,0.00532,0.059,0.68937,1495.1
260,798720,548.4,3.59,2.01,39,665.8461538461538,0.0,0.9743589743589743,592.974358974359,0.0,-0.00289,12.84172,1.34553,0.00419,0.03898,0.72772,1500.7
261,801792,541.3,3.73,1.94,46,581.1086956521739,0.0,0.717391304347826,510.45652173913044,0.0,0.00361,11.72583,1.37294,0.01228,0.17098,0.69087,1506.4
262,804864,530.0,3.79,2.01,41,605.6585365853658,0.0,0.3902439024390244,533.780487804878,0.0,-0.00136,9.99251,1.39743,0.00808,0.11149,0.76187,1512.2
263,807936,542.3,3.72,1.95,49,567.8775510204082,0.0,0.30612244897959184,497.7755102040816,0.0,0.00112,13.26409,1.4295,0.00874,0.12199,0.72906,1517.9
264,811008,559.3,3.54,1.95,35,591.6285714285714,0.0,0.7714285714285715,519.7714285714286,0.0,-0.00412,9.42734,1.40034,0.00933,0.13867,0.79679,1523.4
265,814080,540.5,3.66,2.02,40,690.775,0.0,0.475,616.725,0.0,-0.00608,9.78694,1.39179,0.00403,0.04061,0.73366,1529.1
266,817152,547.8,3.64,1.96,39,601.1538461538462,0.0,0.10256410256410256,529.8461538461538,0.0,-0.00158,9.03446,1.35237,0.00699,0.08927,0.8221,1534.7
267,820224,519.9,3.86,2.05,47,587.6595744680851,0.0,0.8085106382978723,516.936170212766,0.0,-0.00113,11.18102,1.36065,0.00659,0.08179,0.78019,1540.6
268,823296,568.2,3.47,1.94,39,612.7435897435897,0.0,0.8461538461538461,541.6666666666666,0.0,-0.0055,12.85044,1.33312,0.00646,0.08805,0.7761,1546.0
269,826368,544.1,3.7,1.95,41,679.439024390244,0.0,0.5121951219512195,605.7317073170732,0.0,-0.00207,13.643,1.36405,0.00751,0.10034,0.73123,1551.6
270,829440,543.7,3.69,1.96,36,627.0277777777778,0.0,0.4722222222222222,554.75,0.0,-0.00298,11.95162,1.30324,0.00502,0.04793,0.74726,1557.3
271,832512,530.0,3.8,2.0,49,581.530612244898,0.0,0.5510204081632653,510.7959183673469,0.0,0.00073,14.73332,1.33971,0.00484,0.04622,0.6052,1563.1
272,835584,550.1,3.62,1.96,47,551.4893617021277,0.0,0.2765957446808511,481.5744680851064,0.0,0.00473,12.22676,1.30479,0.00749,0.08252,0.66688,1568.7
273,838656,543.1,3.7,1.96,48,516.25,0.0,0.7083333333333334,447.2916666666667,0.0,-0.00283,12.98417,1.38809,0.00587,0.07104,0.75338,1574.3
274,841728,548.8,3.68,1.92,45,556.9111111111112,0.0,0.6222222222222222,486.68888888888887,0.0,-0.0023,8.03364,1.38231,0.00509,0.05688,0.76182,1579.9
275,844800,523.7,3.88,1.99,52,525.9038461538462,0.0,0.7115384615384616,455.9230769230769,0.0,-0.00345,11.03828,1.3793,0.00656,0.07536,0.74527,1585.8
276,847872,534.7,3.67,2.08,45,562.1777777777778,0.0,0.3333333333333333,492.2,0.0,-0.00286,11.95253,1.40639,0.00725,0.08569,0.71262,1591.6
277,850944,542.9,3.73,1.92,34,672.5882352941177,0.0,0.4117647058823529,600.5882352941177,0.0,-0.00317,11.55148,1.35333,0.00654,0.07731,0.71359,1597.2
278,854016,524.6,3.75,2.11,38,637.1315789473684,0.0,0.5526315789473685,562.8421052631579,0.0,-0.00224,8.84568,1.36508,0.00634,0.08065,0.74877,1603.1
279,857088,522.8,3.91,1.97,41,663.6341463414634,0.0,0.7804878048780488,590.7317073170732,0.0,-0.00401,11.30605,1.36395,0.00762,0.1001,0.78484,1608.9
280,860160,547.2,3.7,1.91,38,583.2631578947369,0.0,0.3684210526315789,511.92105263157896,0.0,-0.00014,12.33402,1.37671,0.00518,0.06388,0.6498,1614.6
281,863232,535.2,3.82,1.92,47,582.9574468085107,0.0,0.5531914893617021,512.1063829787234,0.0,0.00217,11.25262,1.34779,0.01055,0.14119,0.77664,1620.3
282,866304,554.8,3.59,1.94,31,623.6774193548387,0.0,0.967741935483871,551.8709677419355,0.0,-0.00021,11.43793,1.27922,0.00914,0.12061,0.68136,1625.8
283,869376,536.4,3.77,1.96,54,579.4074074074074,0.0,0.3888888888888889,508.7037037037037,0.0,0.00011,12.00003,1.33876,0.0074,0.08398,0.7349,1631.6
284,872448,553.7,3.59,1.96,35,639.4571428571429,0.0,0.6,567.9428571428572,0.0,0.0002,11.81753,1.19885,0.00971,0.13623,0.62906,1637.1
285,875520,547.3,3.61,2.0,43,647.3953488372093,0.0,1.1162790697674418,575.3023255813954,0.0,-0.00027,9.96561,1.2215,0.00988,0.1342,0.79078,1642.7
286,878592,529.3,3.81,2.0,50,570.28,0.0,0.48,500.24,0.0,-0.00257,12.5846,1.24321,0.00533,0.05981,0.76846,1648.5
287,881664,538.7,3.65,2.06,39,617.7692307692307,0.0,0.8717948717948718,546.4871794871794,0.0,0.00034,12.78128,1.16249,0.00569,0.0708,0.75563,1654.2
288,884736,526.7,3.83,2.0,44,634.25,0.0,0.7272727272727273,563.3636363636364,0.0,-0.00141,15.15272,1.11276,0.00585,0.06909,0.72775,1660.1
289,887808,536.4,3.78,1.95,45,606.8222222222222,0.0,0.28888888888888886,536.2,0.0,-0.00286,13.19725,1.16647,0.0047,0.05648,0.72947,1665.8
290,890880,547.0,3.62,2.0,39,681.0,0.0,0.358974358974359,608.2307692307693,0.0,-0.00405,13.73635,1.1972,0.00638,0.08187,0.6953,1671.4
291,893952,547.1,3.67,1.95,42,629.2857142857143,0.0,0.5714285714285714,557.8571428571429,0.023809523809523808,-0.00264,11.07968,1.23548,0.00636,0.07576,0.76399,1677.0
292,897024,526.4,3.97,1.87,58,471.62068965517244,0.0,0.3275862068965517,404.2931034482759,0.0,-0.00372,13.70915,1.25097,0.00806,0.11165,0.71044,1682.9
293,900096,566.0,3.47,1.96,36,612.9444444444445,0.0,0.5833333333333334,542.0833333333334,0.0,0.0051,12.1706,1.17927,0.01055,0.13045,0.70406,1688.3
294,903168,544.3,3.65,1.99,32,754.90625,0.0,0.875,680.78125,0.0,-0.00062,11.60203,1.24197,0.00583,0.07918,0.73027,1694.0
295,906240,518.4,3.9,2.03,45,599.9777777777778,0.0,0.35555555555555557,527.2888888888889,0.0,-0.00156,12.26851,1.27105,0.00634,0.08602,0.67666,1699.9
296,909312,534.4,3.73,2.02,36,756.3055555555555,0.0,0.8611111111111112,681.3611111111111,0.0,0.00494,14.74233,1.21426,0.01266,0.15739,0.63341,1705.7
297,912384,530.0,3.78,2.02,42,544.0,0.0,0.3333333333333333,473.8333333333333,0.0,-0.00152,13.06288,1.25451,0.00821,0.11743,0.68575,1711.5
298,915456,571.5,3.45,1.92,35,671.7428571428571,0.0,0.45714285714285713,598.5714285714286,0.0,-0.00172,11.97633,1.23155,0.00954,0.12215,0.70864,1716.9
299,918528,537.3,3.52,2.2,35,834.8857142857142,0.05714285714285714,0.9142857142857143,760.4285714285714,0.0,0.00124,15.11131,1.21902,0.01163,0.14046,0.70632,1722.6
300,921600,530.1,3.88,1.91,42,654.7857142857143,0.0,0.7619047619047619,582.7142857142857,0.023809523809523808,-0.00131,12.43661,1.29187,0.00667,0.07536,0.7732,1728.4
301,924672,530.7,3.76,2.03,42,612.8095238095239,0.0,0.8333333333333334,541.8571428571429,0.0,-0.00237,10.24829,1.26741,0.0049,0.0507,0.8058,1734.2
302,927744,537.9,3.64,2.07,39,647.4871794871794,0.0,0.46153846153846156,574.5128205128206,0.0,-0.00017,11.34803,1.32903,0.00658,0.07454,0.73111,1739.9
303,930816,574.0,3.42,1.93,35,640.4,0.0,1.0285714285714285,568.2285714285714,0.0,-0.00272,10.34687,1.35694,0.00662,0.08293,0.77958,1745.2
304,933888,529.2,3.77,2.03,44,584.75,0.0,0.6136363636363636,514.1818181818181,0.0,-0.00206,13.60091,1.36159,0.00815,0.10343,0.75556,1751.0
305,936960,538.0,3.75,1.96,47,620.4468085106383,0.0,0.8297872340425532,549.5957446808511,0.0,-0.00233,12.3415,1.26989,0.00703,0.08854,0.74385,1756.8
306,940032,550.9,3.62,1.96,43,622.8837209302326,0.0,0.4418604651162791,551.4418604651163,0.0,-0.00048,12.05974,1.30156,0.00587,0.06429,0.77491,1762.4
307,943104,499.6,3.86,2.29,41,584.390243902439,0.0,0.5121951219512195,514.3170731707318,0.0,-0.00114,15.71059,1.24166,0.00817,0.10262,0.67678,1768.6
308,946176,482.6,4.33,2.03,48,688.9791666666666,0.0,0.8333333333333334,617.125,0.0,0.00108,14.66886,1.2671,0.00634,0.08122,0.68111,1774.9
309,949248,515.8,3.75,2.2,36,659.0,0.0,0.5833333333333334,587.8333333333334,0.0,-0.00424,13.96736,1.23759,0.0056,0.06608,0.72651,1780.9
310,952320,510.3,3.92,2.1,44,565.1136363636364,0.0,0.45454545454545453,495.09090909090907,0.0,-0.00068,15.25073,1.24485,0.00781,0.09912,0.73328,1786.9
311,955392,513.4,3.99,1.99,44,737.5681818181819,0.0,0.9545454545454546,664.1590909090909,0.0,-0.00163,14.76196,1.24229,0.0095,0.10938,0.67288,1792.9
312,958464,515.2,3.82,2.14,47,562.5531914893617,0.0,0.6595744680851063,492.8510638297872,0.0,-0.00274,12.88329,1.25738,0.00677,0.0874,0.78339,1798.8
313,961536,550.3,3.58,2.0,32,654.09375,0.0,0.75,581.59375,0.0,-0.0022,10.95711,1.23768,0.00568,0.06795,0.78412,1804.4
314,964608,542.2,3.72,1.95,39,607.1538461538462,0.0,0.2564102564102564,533.6666666666666,0.0,-0.00347,14.63622,1.2565,0.00821,0.10726,0.78317,1810.1
315,967680,541.9,3.83,1.84,41,794.5365853658536,0.0,1.4634146341463414,720.8536585365854,0.0,-0.00016,15.17629,1.20393,0.00925,0.11068,0.70959,1815.8
316,970752,520.8,3.92,1.98,44,558.7727272727273,0.0,0.6363636363636364,488.79545454545456,0.0,-0.00154,14.554,1.19219,0.00612,0.07235,0.72932,1821.7
317,973824,534.6,3.76,1.99,42,718.3095238095239,0.0,0.9285714285714286,646.3571428571429,0.0,0.00224,11.75381,1.15998,0.00775,0.09456,0.78048,1827.4
318,976896,547.7,3.62,1.99,41,570.0,0.0,0.3902439024390244,498.2439024390244,0.0,-0.0022,12.48268,1.20641,0.00731,0.09172,0.75822,1833.0
319,979968,541.3,3.85,1.82,43,577.3720930232558,0.0,0.4186046511627907,507.2325581395349,0.0,-0.00132,18.3213,1.18281,0.00939,0.11141,0.65304,1838.7
320,983040,545.3,3.63,2.0,40,696.2,0.0,0.725,624.075,0.0,-0.00045,13.79013,1.17797,0.01176,0.1687,0.67603,1844.3
321,986112,529.6,3.68,2.12,43,648.046511627907,0.0,0.8372093023255814,575.8837209302326,0.0,-0.00395,13.10059,1.21161,0.00689,0.08398,0.71135,1850.1
322,989184,553.0,3.62,1.93,36,662.0277777777778,0.0,0.5277777777777778,588.5833333333334,0.0,-0.00054,13.22168,1.13945,0.00542,0.06234,0.71834,1855.7
323,992256,535.0,3.74,2.0,39,678.6666666666666,0.0,0.7435897435897436,606.4615384615385,0.0,-0.00211,12.81161,1.12324,0.0069,0.08675,0.77579,1861.4
324,995328,544.6,3.61,2.03,41,560.7560975609756,0.0,0.5609756097560976,491.5121951219512,0.0,-0.00434,12.75833,1.1683,0.00628,0.07943,0.76307,1867.1
325,998400,533.7,3.82,1.94,48,650.6875,0.0,0.5208333333333334,578.5625,0.020833333333333332,6e-05,14.19229,1.20277,0.00859,0.1036,0.68662,1872.8
326,1001472,553.9,3.57,1.98,39,587.8974358974359,0.0,0.6153846153846154,516.0,0.0,-0.00287,9.72954,1.1971,0.00834,0.10433,0.72239,1878.4
327,1004544,558.1,3.5,2.0,35,676.6571428571428,0.0,0.4,601.9714285714285,0.0,-0.00107,10.56312,1.20335,0.00855,0.1062,0.76262,1884.0
328,1007616,529.6,3.82,1.98,45,656.0666666666667,0.0,0.35555555555555557,584.4,0.0,0.0005,14.25105,1.15711,0.00792,0.09806,0.68616,1889.8
329,1010688,538.2,3.71,1.99,42,600.5238095238095,0.0,0.6666666666666666,530.5238095238095,0.0,-0.00148,12.49328,1.14692,0.00817,0.09684,0.75704,1895.5
330,1013760,523.0,3.85,2.02,42,642.8095238095239,0.0,0.5476190476190477,571.1190476190476,0.0,-0.00169,14.44554,1.13082,0.00923,0.10514,0.69992,1901.3
331,1016832,539.6,3.75,1.94,46,634.5217391304348,0.0,0.5434782608695652,563.9565217391304,0.0,-0.00281,12.44519,1.17915,0.0052,0.06006,0.73113,1907.0
332,1019904,546.7,3.64,1.98,44,638.6590909090909,0.0,0.7954545454545454,567.25,0.0,0.00116,13.79545,1.1391,0.00945,0.12622,0.666,1912.7
333,1022976,536.7,3.77,1.95,40,605.7,0.0,0.55,535.025,0.0,-0.00251,14.79776,1.12446,0.00891,0.11816,0.6848,1918.4
334,1026048,537.4,3.71,2.01,38,715.3684210526316,0.0,1.131578947368421,641.8157894736842,0.0,0.00028,14.70004,1.13308,0.00712,0.08285,0.73041,1924.1
335,1029120,526.9,3.89,1.94,47,615.4468085106383,0.0,0.6595744680851063,545.1914893617021,0.0,-0.00107,14.28408,1.16852,0.00733,0.09269,0.69115,1929.9
336,1032192,541.1,3.63,2.05,39,743.6410256410256,0.0,0.41025641025641024,670.7435897435897,0.0,0.00253,19.29666,1.09842,0.00694,0.08431,0.60615,1935.6
337,1035264,560.1,3.65,1.84,38,689.1842105263158,0.0,0.868421052631579,616.8947368421053,0.0,-0.00037,11.98274,1.1554,0.00757,0.09017,0.66521,1941.1
338,1038336,543.0,3.63,2.03,43,669.3023255813954,0.0,0.6976744186046512,598.2325581395348,0.0,0.0021,13.54102,1.1099,0.00995,0.13444,0.74773,1946.8
339,1041408,548.8,3.65,1.94,46,638.6304347826087,0.0,0.41304347826086957,567.4347826086956,0.0,-0.00101,14.88083,1.10359,0.00592,0.06909,0.7087,1952.4
340,1044480,545.2,3.69,1.94,43,566.7441860465116,0.0,0.7906976744186046,497.13953488372096,0.0,-0.00309,12.33409,1.15228,0.00795,0.09701,0.79538,1958.0
341,1047552,560.5,3.56,1.92,39,772.3076923076923,0.0,0.8205128205128205,698.4102564102565,0.0,0.00696,15.5568,1.1066,0.01751,0.19922,0.7398,1963.5
342,1050624,550.9,3.56,2.02,34,768.8529411764706,0.0,1.0588235294117647,694.8823529411765,0.0,0.00216,15.02317,1.11584,0.01116,0.12581,0.78259,1969.1
343,1053696,537.7,3.72,1.99,42,699.3333333333334,0.0,0.7857142857142857,627.1428571428571,0.0,0.00067,18.70544,1.11541,0.01167,0.14697,0.67132,1974.8
344,1056768,530.1,3.81,1.99,45,635.2,0.0,0.6444444444444445,563.9555555555555,0.0,-0.00172,16.687,1.12844,0.00627,0.07064,0.67319,1980.6
345,1059840,545.5,3.72,1.91,39,679.7692307692307,0.0,1.0,608.7948717948718,0.0,0.00141,21.30891,1.05122,0.01,0.132,0.72359,1986.2
346,1062912,547.0,3.64,1.97,38,688.3421052631579,0.0,0.9210526315789473,616.1315789473684,0.0,0.00098,19.22961,1.08844,0.01184,0.15275,0.62342,1991.8
347,1065984,552.1,3.6,1.96,39,766.5384615384615,0.0,0.6153846153846154,693.2820512820513,0.0,0.00018,17.21043,1.0394,0.008,0.0957,0.67438,1997.4
348,1069056,543.3,3.68,1.97,39,699.6666666666666,0.0,0.8974358974358975,627.0512820512821,0.0,-0.00148,18.78858,1.0149,0.00664,0.08138,0.62711,2003.0
349,1072128,544.7,3.69,1.95,41,713.9756097560976,0.024390243902439025,0.926829268292683,642.4634146341464,0.0,-0.00351,16.10511,1.01961,0.00788,0.10571,0.69179,2008.7
350,1075200,533.1,3.8,1.96,46,585.2391304347826,0.0,0.5217391304347826,515.4347826086956,0.0,0.00451,17.49423,1.01162,0.01276,0.16064,0.70749,2014.4
351,1078272,568.6,3.44,1.96,33,745.6666666666666,0.0,0.48484848484848486,671.4848484848485,0.0,0.00073,15.41723,1.05616,0.01015,0.12988,0.62183,2019.8
352,1081344,553.0,3.56,1.99,32,907.1875,0.0,0.59375,829.375,0.0,-0.00197,14.62747,1.04755,0.00925,0.11914,0.69192,2025.4
353,1084416,536.0,3.77,1.96,48,623.5,0.0,0.5,553.0416666666666,0.0,0.00228,15.51694,1.06039,0.00879,0.11149,0.76718,2031.1
354,1087488,561.1,3.46,2.01,33,817.1212121212121,0.0,0.696969696969697,742.4848484848485,0.0,-0.00168,15.71098,1.01458,0.00723,0.08586,0.73677,2036.6
355,1090560,532.1,3.8,1.97,50,555.94,0.0,0.42,487.12,0.0,-0.00023,14.0208,1.02323,0.00782,0.0957,0.80073,2042.4
356,1093632,525.0,3.79,2.06,40,666.45,0.0,0.575,594.875,0.0,-0.00877,12.22313,1.07176,0.01069,0.12142,0.72739,2048.2
357,1096704,536.4,3.71,2.02,39,618.4871794871794,0.02564102564102564,0.6153846153846154,547.5128205128206,0.0,-0.00158,14.75836,1.11062,0.00755,0.09912,0.65941,2054.0
358,1099776,523.3,3.78,2.09,45,726.2666666666667,0.0,0.8222222222222222,652.7555555555556,0.0,-0.00204,17.1317,1.10129,0.00662,0.07682,0.71833,2059.8
359,1102848,534.7,3.75,2.0,45,566.5111111111111,0.0,0.5333333333333333,496.9111111111111,0.0,0.00016,11.99468,1.15297,0.00734,0.08431,0.73657,2065.6
360,1105920,544.3,3.57,2.07,37,794.7297297297297,0.0,0.7297297297297297,720.4054054054054,0.0,0.00026,12.7363,1.12819,0.00557,0.06429,0.70341,2071.3
361,1108992,550.6,3.6,1.98,38,621.921052631579,0.0,0.8421052631578947,551.3421052631579,0.0,-0.00153,19.92531,1.07722,0.00927,0.1215,0.73747,2076.9
362,1112064,542.1,3.71,1.96,42,757.9285714285714,0.023809523809523808,0.6904761904761905,685.8809523809524,0.0,-0.00391,17.39412,1.09846,0.00733,0.0896,0.69731,2082.5
363,1115136,540.9,3.66,2.02,39,698.0,0.0,0.6923076923076923,625.7435897435897,0.0,-0.0024,22.00388,1.08424,0.00499,0.0616,0.66595,2088.2
364,1118208,542.8,3.67,1.99,40,744.65,0.0,0.95,670.475,0.0,0.00161,16.66846,1.16146,0.01006,0.13338,0.6791,2093.9
365,1121280,553.1,3.59,1.97,37,675.9459459459459,0.0,0.7837837837837838,604.2432432432432,0.0,-0.00293,15.22619,1.1334,0.011,0.14103,0.64999,2099.4
366,1124352,533.8,3.76,2.0,43,596.2558139534884,0.0,0.5581395348837209,525.6976744186046,0.0,-0.0021,16.90122,1.1618,0.00601,0.06665,0.78681,2105.2
367,1127424,535.4,3.68,2.06,37,739.1891891891892,0.0,0.7837837837837838,664.5945945945946,0.02702702702702703,-0.00048,12.98177,1.09267,0.00863,0.10929,0.69574,2110.9
368,1130496,543.0,3.69,1.97,39,680.6666666666666,0.0,0.7948717948717948,607.3846153846154,0.0,-0.0022,12.18078,1.14533,0.00557,0.06112,0.83576,2116.6
369,1133568,545.9,3.62,2.0,43,610.7906976744187,0.0,0.627906976744186,539.8139534883721,0.0,0.00066,15.92529,1.15107,0.00658,0.07975,0.67798,2122.2
370,1136640,543.0,3.69,1.96,40,572.675,0.0,0.5,501.15,0.0,-0.00077,12.38252,1.14862,0.00626,0.0813,0.76351,2127.9
371,1139712,524.6,3.84,2.02,47,599.6595744680851,0.0,0.7446808510638298,529.2340425531914,0.0,-0.00337,15.98113,1.12693,0.01123,0.14152,0.74252,2133.7
372,1142784,572.7,3.43,1.93,32,881.78125,0.03125,1.0,805.8125,0.0,0.00125,14.95016,1.12016,0.00747,0.0922,0.69838,2139.1
373,1145856,550.6,3.6,1.98,37,652.1351351351351,0.0,0.5675675675675675,580.5675675675676,0.0,-0.00194,16.52916,1.15056,0.00577,0.06632,0.73912,2144.7
374,1148928,545.5,3.63,2.0,38,700.7105263157895,0.0,1.105263157894737,627.3421052631579,0.0,-0.00182,16.52091,1.16906,0.00783,0.0966,0.67404,2150.3
375,1152000,535.1,3.71,2.03,43,675.3255813953489,0.0,0.8604651162790697,603.6511627906976,0.0,-0.00319,13.55884,1.16375,0.00719,0.09049,0.72278,2156.1
376,1155072,538.3,3.74,1.97,46,643.2826086956521,0.0,0.5434782608695652,572.195652173913,0.0,-0.00401,15.2985,1.19859,0.00814,0.11507,0.70859,2161.8
377,1158144,536.4,3.74,1.98,44,555.5,0.0,0.36363636363636365,485.6818181818182,0.0,0.00071,20.01625,1.10808,0.00477,0.05778,0.7264,2167.5
378,1161216,529.4,3.81,1.99,41,683.7317073170732,0.0,1.0,612.5121951219512,0.0,-0.00092,14.83316,1.16717,0.0076,0.09513,0.74777,2173.3
379,1164288,547.8,3.67,1.94,41,717.1951219512196,0.024390243902439025,0.6585365853658537,644.829268292683,0.0,0.00111,17.21838,1.16311,0.00914,0.10547,0.7774,2178.9
380,1167360,535.5,3.76,1.98,37,722.5945945945946,0.0,0.8378378378378378,649.2162162162163,0.0,0.0002,14.00561,1.17871,0.00539,0.06234,0.76599,2184.6
381,1170432,548.9,3.6,2.0,37,721.5945945945946,0.0,0.40540540540540543,647.7567567567568,0.0,-0.00062,13.21766,1.2161,0.00811,0.11222,0.79575,2190.2
382,1173504,578.7,3.32,1.99,26,902.1923076923077,0.0,1.1538461538461537,824.8076923076923,0.0,0.00029,15.60865,1.18562,0.00968,0.13501,0.75057,2195.6
383,1176576,528.7,3.84,1.97,47,663.8297872340426,0.0,0.7659574468085106,591.4893617021277,0.0,0.0078,18.72222,1.16831,0.01212,0.16667,0.69096,2201.4
384,1179648,536.5,3.76,1.97,40,668.45,0.0,0.875,597.575,0.0,0.00617,22.30885,1.08734,0.01054,0.13102,0.66667,2207.1
385,1182720,551.6,3.66,1.91,47,622.531914893617,0.0,0.44680851063829785,552.4042553191489,0.0,-0.00318,15.12904,1.13975,0.00726,0.09188,0.72534,2212.7
386,1185792,536.7,3.75,1.98,39,685.0769230769231,0.0,0.6923076923076923,613.025641025641,0.0,-0.00256,17.28434,1.10618,0.00988,0.12655,0.6419,2218.4
387,1188864,540.8,3.73,1.95,43,660.8604651162791,0.0,0.5116279069767442,589.2558139534884,0.0,0.00023,9.55609,1.17224,0.01023,0.13704,0.80563,2224.1
388,1191936,531.6,3.73,2.05,40,653.025,0.0,0.525,581.625,0.0,0.00022,14.57882,1.15814,0.00935,0.12077,0.76629,2229.8
389,1195008,530.5,3.71,2.08,49,646.4081632653061,0.0,1.0816326530612246,575.8367346938776,0.0,-0.0008,17.98945,1.13299,0.00959,0.1193,0.76263,2235.6
390,1198080,555.0,3.56,1.97,33,760.3333333333334,0.0,0.8484848484848485,685.6666666666666,0.0,-0.00172,14.49264,1.1705,0.00761,0.09709,0.7504,2241.2
391,1201152,531.9,3.54,2.24,29,780.1724137931035,0.0,0.5172413793103449,705.9655172413793,0.0,-0.00236,14.84171,1.12293,0.00747,0.09814,0.68547,2247.0
392,1204224,559.6,3.61,1.87,42,802.1904761904761,0.0,0.8095238095238095,727.952380952381,0.0,-0.00041,17.06137,1.11303,0.00704,0.08577,0.75307,2252.5
393,1207296,512.0,3.69,2.31,42,653.7857142857143,0.0,1.0,582.9761904761905,0.0,-0.00022,16.01714,1.05793,0.01012,0.1259,0.7651,2258.5
394,1210368,528.9,3.8,2.01,42,698.3571428571429,0.0,0.9047619047619048,626.3095238095239,0.0,-0.00016,10.49468,1.16166,0.00812,0.10156,0.83073,2264.3
395,1213440,532.9,3.8,1.97,49,586.6122448979592,0.0,0.8571428571428571,517.4285714285714,0.0,-0.00196,10.15118,1.12575,0.00709,0.09204,0.84913,2270.1
396,1216512,550.5,3.58,2.0,36,714.1111111111111,0.0,1.2222222222222223,642.0,0.0,-0.0021,12.8161,1.14729,0.00809,0.09806,0.72753,2275.7
397,1219584,548.2,3.69,1.92,39,688.5897435897435,0.0,0.5128205128205128,614.1794871794872,0.0,-0.00287,8.16871,1.24808,0.00894,0.1075,0.84431,2281.3
398,1222656,551.6,3.64,1.93,34,776.4411764705883,0.0,0.6764705882352942,702.4411764705883,0.0,-0.00314,16.86722,1.06354,0.00623,0.07682,0.75861,2286.9
399,1225728,554.1,3.6,1.95,41,632.7073170731708,0.0,0.8292682926829268,561.4146341463414,0.0,0.0019,10.06079,1.23748,0.01298,0.16496,0.76709,2292.4
400,1228800,558.8,3.52,1.98,34,742.3823529411765,0.0,1.0,668.9705882352941,0.0,0.00038,14.76236,1.18177,0.00976,0.13143,0.74068,2297.9
401,1231872,531.3,3.49,2.29,32,898.28125,0.0,0.78125,820.71875,0.0,-0.00013,13.17707,1.20733,0.01078,0.14754,0.70816,2303.7
402,1234944,570.6,3.42,1.96,30,731.8666666666667,0.0,0.5666666666666667,657.3,0.0,0.00535,13.62971,1.14237,0.01032,0.12549,0.75786,2309.1
403,1238016,538.7,3.77,1.93,43,734.6511627906976,0.0,1.0465116279069768,661.5116279069767,0.0,-0.00269,11.5707,1.16801,0.00767,0.09521,0.77557,2314.8
404,1241088,538.9,3.6,2.1,33,739.6969696969697,0.030303030303030304,0.9696969696969697,666.7575757575758,0.0,-0.00263,14.37537,1.06835,0.00775,0.09554,0.70352,2320.5
405,1244160,567.2,3.48,1.93,35,823.6,0.0,0.8,748.1428571428571,0.0,-0.00185,16.93727,1.1176,0.00768,0.09993,0.68735,2325.9
406,1247232,547.5,3.55,2.06,37,758.2972972972973,0.0,0.5135135135135135,684.5675675675676,0.0,-0.00308,13.04539,1.11595,0.00683,0.07918,0.73766,2331.5
407,1250304,551.8,3.6,1.97,36,790.75,0.0,0.6944444444444444,716.5,0.0,0.00261,18.17622,1.05856,0.0083,0.10767,0.69017,2337.1
408,1253376,557.3,3.56,1.96,35,712.0857142857143,0.0,0.9428571428571428,638.8285714285714,0.0,-0.00199,12.20798,1.14643,0.00813,0.10221,0.78217,2342.6
409,1256448,543.2,3.67,1.98,42,778.2142857142857,0.0,1.380952380952381,704.5952380952381,0.0,-0.00295,13.88861,1.09997,0.00735,0.09041,0.79244,2348.2
410,1259520,564.7,3.52,1.92,39,596.7435897435897,0.0,0.7435897435897436,526.3076923076923,0.0,0.00057,16.83031,1.11394,0.01137,0.1495,0.64123,2353.7
411,1262592,550.6,3.57,2.01,29,818.7586206896551,0.0,0.8275862068965517,740.6206896551724,0.034482758620689655,0.00125,11.65911,1.07763,0.01067,0.13411,0.83122,2359.3
412,1265664,560.2,3.49,1.99,26,938.1538461538462,0.0,1.2307692307692308,860.0384615384615,0.0,0.00183,19.84156,1.0543,0.0139,0.16707,0.70696,2364.7
413,1268736,529.1,3.8,2.01,39,798.9487179487179,0.0,0.8461538461538461,724.4615384615385,0.0,0.00297,17.02558,1.03482,0.0073,0.07975,0.77824,2370.6
414,1271808,546.9,3.66,1.96,35,754.7714285714286,0.0,0.6571428571428571,680.0285714285715,0.0,-0.00182,16.13115,1.0526,0.00671,0.0874,0.77412,2376.2
415,1274880,533.9,3.84,1.91,39,567.3076923076923,0.0,0.5384615384615384,497.2307692307692,0.0,-0.00256,18.22366,0.99301,0.00645,0.07487,0.79836,2381.9
416,1277952,532.1,3.6,2.18,34,937.0,0.0,1.1176470588235294,858.7941176470588,0.0,0.00116,15.38246,1.02055,0.00934,0.10636,0.76008,2387.7
417,1281024,548.2,3.55,2.05,31,854.9032258064516,0.0,1.0,780.516129032258,0.0,-0.00397,19.85954,0.98563,0.01208,0.1495,0.6997,2393.3
418,1284096,559.7,3.55,1.94,40,758.05,0.0,0.825,684.25,0.0,-0.00534,19.57344,1.03081,0.01009,0.11882,0.70272,2398.8
419,1287168,571.3,3.47,1.91,37,757.3513513513514,0.0,0.918918918918919,684.4594594594595,0.0,0.00059,17.96944,0.99789,0.00654,0.07544,0.80345,2404.2
420,1290240,571.0,3.48,1.9,38,768.7105263157895,0.0,1.0263157894736843,694.8421052631579,0.0,-0.00215,19.55628,1.07445,0.00697,0.08919,0.73987,2409.6
421,1293312,528.3,3.78,2.04,41,688.3170731707318,0.0,0.6341463414634146,616.8536585365854,0.0,-0.00033,16.41182,1.05739,0.00553,0.06828,0.78228,2415.4
422,1296384,545.9,3.67,1.96,39,600.974358974359,0.0,0.46153846153846156,529.974358974359,0.0,-0.002,13.93034,1.02597,0.00687,0.08545,0.79842,2421.0
423,1299456,556.0,3.53,1.99,34,838.5588235294117,0.0,0.9411764705882353,763.2352941176471,0.0,-0.00264,11.38679,1.03274,0.00822,0.11141,0.75569,2426.5
424,1302528,566.1,3.5,1.93,34,787.8823529411765,0.0,0.8529411764705882,712.8823529411765,0.0,-0.00127,18.80841,1.08187,0.00894,0.11312,0.69033,2432.0
425,1305600,522.9,3.58,2.29,33,746.9090909090909,0.0,0.5454545454545454,672.7575757575758,0.0,0.00147,15.36401,1.00869,0.0076,0.09562,0.79513,2437.9
426,1308672,544.9,3.67,1.97,43,694.8139534883721,0.0,0.9534883720930233,622.6511627906976,0.0,-0.00052,14.77216,1.04513,0.01017,0.12061,0.70491,2443.5
427,1311744,551.0,3.62,1.96,34,808.2647058823529,0.0,1.088235294117647,734.0294117647059,0.0,0.0001,15.55212,1.07,0.01223,0.13452,0.75069,2449.1
428,1314816,543.8,3.56,2.09,37,734.8108108108108,0.0,0.6486486486486487,660.2432432432432,0.0,0.00016,17.07158,1.09537,0.00907,0.10986,0.67489,2454.8
429,1317888,553.3,3.64,1.91,37,744.9459459459459,0.0,1.135135135135135,672.5135135135135,0.0,-0.00056,19.55793,1.05289,0.00966,0.10612,0.70358,2460.3
430,1320960,551.1,3.64,1.93,41,641.1951219512196,0.0,0.4878048780487805,569.5853658536586,0.024390243902439025,-0.00619,12.5685,1.17508,0.00821,0.08822,0.77316,2465.9
431,1324032,551.1,3.57,2.01,29,827.9655172413793,0.0,0.5517241379310345,752.7931034482758,0.0,-0.00398,13.19838,1.14734,0.00694,0.08862,0.83968,2471.5
432,1327104,556.7,3.52,2.0,39,723.3589743589744,0.0,1.1538461538461537,649.7435897435897,0.0,-0.00213,10.67734,1.23382,0.00521,0.06372,0.79848,2477.0
433,1330176,546.9,3.65,1.97,42,649.4761904761905,0.0,0.5238095238095238,577.2142857142857,0.0,0.00129,15.58552,1.22101,0.01798,0.23446,0.66419,2482.6
434,1333248,577.7,3.46,1.86,35,681.3142857142857,0.0,0.8285714285714286,608.5142857142857,0.0,-0.00205,13.58798,1.186,0.00662,0.08464,0.75842,2487.9
435,1336320,534.2,3.76,1.99,44,676.4090909090909,0.0,0.9090909090909091,603.75,0.0,-0.00528,14.58795,1.13327,0.00685,0.08879,0.72079,2493.7
436,1339392,551.0,3.62,1.96,38,721.421052631579,0.0,0.4473684210526316,648.5526315789474,0.0,-0.00336,15.40097,1.05369,0.00525,0.06494,0.71248,2499.3
437,1342464,524.1,3.78,2.08,43,673.2558139534884,0.0,0.6511627906976745,601.6744186046511,0.0,0.00021,13.28037,1.0539,0.00705,0.07992,0.79448,2505.1
438,1345536,531.4,3.76,2.02,41,649.2682926829268,0.0,0.7804878048780488,578.3658536585366,0.0,-0.00367,16.58336,1.07677,0.0066,0.08472,0.7618,2510.9
439,1348608,541.7,3.66,2.01,37,768.1081081081081,0.0,0.8378378378378378,694.6756756756756,0.0,-0.0043,12.04913,1.14074,0.00522,0.06576,0.73561,2516.6
440,1351680,558.9,3.5,1.99,31,693.3870967741935,0.0,0.41935483870967744,620.1935483870968,0.0,0.00328,14.68276,1.1346,0.01039,0.111,0.58694,2522.1
441,1354752,529.6,3.71,2.09,40,820.875,0.0,1.0,746.0,0.0,-0.00151,12.09755,1.12742,0.00989,0.1158,0.70488,2527.9
442,1357824,544.2,3.68,1.96,45,652.0888888888888,0.0,0.4222222222222222,581.2222222222222,0.0,-0.00106,16.7052,1.1042,0.00683,0.08276,0.6358,2533.5
443,1360896,536.7,3.73,1.99,38,663.921052631579,0.0,0.15789473684210525,592.0526315789474,0.0,-0.00263,12.26262,1.08547,0.00853,0.11629,0.76162,2539.3
444,1363968,573.0,3.51,1.85,33,840.1515151515151,0.0,0.8181818181818182,764.6363636363636,0.030303030303030304,0.00409,16.85458,1.05138,0.00915,0.11401,0.75303,2544.6
445,1367040,545.4,3.63,2.0,38,725.7894736842105,0.0,0.8421052631578947,652.5263157894736,0.0,0.00035,13.14804,1.0935,0.00966,0.12484,0.75228,2550.2
446,1370112,528.5,3.56,2.25,32,838.53125,0.0,0.875,763.625,0.0,-0.00149,12.45164,1.08017,0.008,0.10913,0.77939,2556.1
447,1373184,540.0,3.71,1.97,43,663.5348837209302,0.0,0.4418604651162791,592.5581395348837,0.0,-0.00038,20.84893,1.04886,0.00636,0.07438,0.72092,2561.8
448,1376256,541.3,3.69,1.99,38,613.2894736842105,0.0,0.4473684210526316,543.078947368421,0.0,-0.00053,20.28132,1.05689,0.00619,0.07406,0.66931,2567.4
449,1379328,559.1,3.44,2.05,28,1024.9285714285713,0.03571428571428571,1.1428571428571428,945.4285714285714,0.0,0.00131,14.65731,1.16167,0.01149,0.12915,0.66474,2572.9
450,1382400,548.1,3.63,1.98,38,719.7105263157895,0.0,0.7631578947368421,645.1842105263158,0.02631578947368421,0.00024,11.47214,1.07315,0.01292,0.15251,0.78234,2578.5
451,1385472,545.7,3.68,1.95,40,714.95,0.025,0.625,641.425,0.0,-0.00248,15.83741,1.02787,0.00774,0.0931,0.72071,2584.2
452,1388544,558.8,3.48,2.02,30,814.4,0.0,1.2666666666666666,738.4,0.03333333333333333,-0.00657,10.514,1.0503,0.00763,0.10506,0.80979,2589.7
453,1391616,551.5,3.59,1.98,40,658.05,0.0,0.25,586.425,0.0,-0.00256,16.54977,0.9422,0.00816,0.09546,0.77276,2595.2
454,1394688,570.0,3.47,1.92,31,910.6129032258065,0.0,0.8709677419354839,834.2903225806451,0.0,0.00035,13.76031,0.91642,0.01329,0.14909,0.76585,2600.6
455,1397760,544.0,3.7,1.95,36,772.8888888888889,0.0,0.5833333333333334,699.1666666666666,0.0,-0.00074,13.57602,0.97021,0.00658,0.0839,0.80489,2606.3
456,1400832,564.4,3.56,1.88,32,912.4375,0.0,1.03125,837.1875,0.0,0.00256,19.93061,0.95832,0.00787,0.09521,0.72889,2611.7
457,1403904,549.4,3.57,2.02,35,838.4857142857143,0.0,0.8285714285714286,763.6285714285714,0.0,-0.00146,23.37512,0.8321,0.00498,0.06421,0.76901,2617.4
458,1406976,574.5,3.46,1.89,28,929.5714285714286,0.0,1.2857142857142858,853.2142857142857,0.0,0.00027,17.2297,0.86028,0.00898,0.09863,0.77883,2622.7
459,1410048,546.1,3.58,2.04,38,834.2631578947369,0.0,0.5526315789473685,759.5,0.0,-0.00064,20.56296,0.94572,0.00688,0.0835,0.72183,2628.4
460,1413120,543.6,3.58,2.08,38,795.7368421052631,0.0,1.105263157894737,720.8421052631579,0.0,0.00272,13.26892,1.04888,0.01341,0.15755,0.72273,2634.1
461,1416192,457.1,4.47,2.25,41,571.4146341463414,0.0,0.3902439024390244,501.2926829268293,0.0,0.00312,14.75196,1.01925,0.01126,0.1346,0.75267,2640.8
462,1419264,527.7,3.75,2.08,29,920.8965517241379,0.0,1.8275862068965518,844.0689655172414,0.0,-0.00356,13.35412,1.04041,0.00648,0.08179,0.76124,2646.6
463,1422336,524.9,3.85,2.0,34,912.0882352941177,0.0,0.9705882352941176,834.5294117647059,0.0,-0.00116,13.12793,1.01992,0.00739,0.09285,0.77907,2652.5
464,1425408,560.6,3.61,1.87,34,843.4117647058823,0.0,0.9117647058823529,768.3823529411765,0.0,-0.00018,14.85986,1.04028,0.00679,0.08097,0.74753,2657.9
465,1428480,540.8,3.62,2.06,31,732.516129032258,0.0,0.8387096774193549,660.3225806451613,0.0,-0.00315,17.22722,1.04027,0.00908,0.11475,0.67523,2663.6
466,1431552,544.5,3.66,1.98,39,752.8205128205128,0.0,0.46153846153846156,678.2820512820513,0.02564102564102564,-0.00055,16.89279,1.0053,0.00642,0.07145,0.73407,2669.3
467,1434624,534.6,3.67,2.08,35,852.3142857142857,0.0,0.7428571428571429,777.4,0.0,-5e-05,15.23922,0.96582,0.00813,0.10026,0.72504,2675.0
468,1437696,546.5,3.66,1.96,34,765.0588235294117,0.0,1.1176470588235294,690.9705882352941,0.0,-0.00211,17.36689,0.88944,0.00983,0.11995,0.68293,2680.6
469,1440768,555.1,3.55,1.98,33,831.4242424242424,0.0,0.696969696969697,755.6666666666666,0.0,0.00176,15.40732,0.93992,0.00858,0.10986,0.72007,2686.2
470,1443840,558.7,3.57,1.93,30,904.7666666666667,0.0,1.2333333333333334,827.8666666666667,0.0,0.00613,19.07059,0.8044,0.01189,0.1259,0.72546,2691.7
471,1446912,547.9,3.6,2.01,36,895.5,0.0,0.5555555555555556,820.0833333333334,0.0,0.00159,22.41214,0.78969,0.00962,0.11548,0.64668,2697.3
472,1449984,550.2,3.61,1.97,39,754.6153846153846,0.0,0.8974358974358975,681.5384615384615,0.0,-0.00233,15.98735,0.84848,0.00616,0.0756,0.77746,2702.9
473,1453056,553.3,3.63,1.92,38,765.2631578947369,0.0,0.7631578947368421,692.6052631578947,0.0,0.00438,18.75249,0.84569,0.01282,0.13273,0.76152,2708.4
474,1456128,552.0,3.57,2.0,37,830.3783783783783,0.0,0.8378378378378378,755.7567567567568,0.0,-0.0011,17.62172,0.92844,0.01318,0.12923,0.74477,2714.0
475,1459200,542.1,3.6,2.07,41,620.5365853658536,0.0,0.6341463414634146,550.3414634146342,0.0,0.00093,19.78901,0.96843,0.01467,0.14185,0.68613,2719.7
476,1462272,542.9,3.62,2.04,38,758.7894736842105,0.0,0.8421052631578947,685.2105263157895,0.0,0.00276,12.46344,0.96787,0.01527,0.15666,0.80217,2725.3
477,1465344,554.4,3.59,1.95,34,835.5588235294117,0.0,1.0588235294117647,760.2058823529412,0.0,0.00224,18.23652,0.95664,0.01101,0.12728,0.66335,2730.9
478,1468416,562.6,3.46,2.0,32,868.90625,0.03125,0.5,793.21875,0.0,-0.00294,13.17711,0.92535,0.00932,0.11922,0.78088,2736.3
479,1471488,562.9,3.5,1.96,38,781.9736842105264,0.0,0.9210526315789473,707.8157894736842,0.0,-0.00014,15.80445,0.92335,0.00655,0.0839,0.74093,2741.8
480,1474560,546.9,3.59,2.02,38,702.7368421052631,0.0,0.5526315789473685,630.0,0.02631578947368421,-0.00146,9.17363,0.93919,0.00697,0.09025,0.81817,2747.4
481,1477632,576.7,3.42,1.91,29,801.5172413793103,0.0,0.9310344827586207,726.6551724137931,0.0,-0.00667,13.2312,0.92882,0.00977,0.11092,0.73199,2752.7
482,1480704,537.1,3.47,2.25,33,827.0,0.0,0.5757575757575758,751.060606060606,0.0,0.00091,11.28695,1.00084,0.01132,0.13395,0.78531,2758.4
483,1483776,554.6,3.59,1.95,40,708.9,0.0,0.6,635.2,0.025,0.00094,16.32635,0.94445,0.01047,0.13143,0.73708,2764.0
484,1486848,556.0,3.53,1.99,36,872.0277777777778,0.0,0.9166666666666666,797.0833333333334,0.0,-0.00055,13.36024,0.94658,0.00897,0.11377,0.82292,2769.5
485,1489920,557.8,3.59,1.92,29,1016.2068965517242,0.0,1.103448275862069,938.6896551724138,0.0,-0.00075,20.71137,0.88838,0.0055,0.06681,0.66665,2775.0
486,1492992,565.4,3.5,1.93,29,987.0,0.034482758620689655,0.8620689655172413,910.0689655172414,0.0,-0.00131,16.00534,0.9292,0.00539,0.06535,0.72486,2780.5
487,1496064,555.9,3.46,2.06,31,829.1612903225806,0.0,0.3870967741935484,752.7741935483871,0.0,0.00074,13.35316,1.00346,0.0085,0.10286,0.76869,2786.0
488,1499136,560.5,3.41,2.07,32,996.90625,0.0,1.5625,920.15625,0.0,0.00112,20.92523,0.9247,0.01239,0.1416,0.74216,2791.5
489,1502208,532.5,3.68,2.09,45,657.2888888888889,0.0,0.7111111111111111,586.4,0.0,0.00208,14.69885,0.93503,0.00961,0.12191,0.83678,2797.2
490,1505280,563.1,3.43,2.03,31,781.1290322580645,0.0,0.41935483870967744,707.3870967741935,0.0,-0.00236,14.16856,1.05426,0.00691,0.08618,0.79302,2802.8
491,1508352,561.4,3.52,1.96,36,785.1111111111111,0.0,0.5555555555555556,709.1666666666666,0.0,0.00193,17.88081,1.07082,0.01358,0.15299,0.77752,2808.2
492,1511424,557.9,3.5,2.01,28,870.4285714285714,0.0,1.1785714285714286,792.2857142857143,0.0,-0.00083,12.52798,1.11784,0.01146,0.14111,0.82214,2813.7
493,1514496,561.8,3.49,1.98,30,879.1,0.0,1.1,803.1333333333333,0.0,-0.00674,14.27361,1.09422,0.00777,0.10457,0.79338,2819.2
494,1517568,546.7,3.61,2.01,35,828.8857142857142,0.0,0.8285714285714286,753.3714285714286,0.0,0.0046,16.65591,1.06875,0.01678,0.17586,0.70603,2824.8
495,1520640,548.2,3.61,1.99,33,811.6363636363636,0.0,0.6666666666666666,735.2121212121212,0.0,0.00141,16.38602,1.0612,0.00993,0.12744,0.72007,2830.4
496,1523712,545.0,3.51,2.12,37,753.3243243243244,0.0,0.40540540540540543,679.7297297297297,0.0,0.00672,22.93349,1.03972,0.00872,0.10758,0.67546,2836.1
497,1526784,540.0,3.73,1.96,33,813.4545454545455,0.0,1.0303030303030303,738.3636363636364,0.0,-0.00446,13.16391,1.18797,0.00867,0.10465,0.74823,2841.8
498,1529856,534.0,3.68,2.07,39,715.5384615384615,0.0,0.8717948717948718,641.4615384615385,0.0,-0.0036,12.7156,1.13539,0.00697,0.09025,0.69837,2847.5
499,1532928,541.9,3.72,1.95,32,747.875,0.0,0.6875,674.5625,0.0,-8e-05,14.44113,1.02297,0.00812,0.10368,0.76593,2853.2
500,1536000,548.8,3.59,2.0,31,875.5806451612904,0.0,0.8387096774193549,797.9354838709677,0.0,-0.00205,15.76248,1.05976,0.00621,0.08228,0.72736,2858.8
501,1539072,569.4,3.55,1.85,37,684.8378378378378,0.0,0.8648648648648649,612.3783783783783,0.0,0.00235,14.88551,0.97809,0.00969,0.1075,0.77428,2864.2
502,1542144,547.3,3.68,1.93,38,787.5263157894736,0.0,1.3421052631578947,713.1315789473684,0.0,-0.00023,15.66113,1.00024,0.00696,0.08813,0.77653,2869.8
503,1545216,559.0,3.52,1.97,37,766.0,0.0,0.8378378378378378,691.1351351351351,0.0,-0.00196,13.10395,1.00022,0.00836,0.10701,0.81698,2875.3
504,1548288,552.4,3.54,2.02,36,700.7222222222222,0.0,0.75,628.5833333333334,0.0,0.00344,15.80429,1.01181,0.01347,0.14779,0.79621,2880.9
505,1551360,543.0,3.67,1.98,39,792.4615384615385,0.0,0.9487179487179487,719.0512820512821,0.0,-0.00035,11.71339,1.01306,0.01006,0.12809,0.78407,2886.5
506,1554432,558.2,3.52,1.99,31,869.6129032258065,0.0,0.8064516129032258,794.0,0.0,0.0012,11.3732,1.02118,0.00992,0.11979,0.78403,2892.0
507,1557504,519.8,3.91,2.0,40,776.65,0.0,0.7,702.45,0.0,-0.00166,13.28541,1.01344,0.00921,0.12231,0.78441,2897.9
508,1560576,554.8,3.56,1.98,35,784.5714285714286,0.0,1.0857142857142856,711.0285714285715,0.0,0.00151,17.37089,0.95428,0.00704,0.08887,0.72912,2903.5
509,1563648,552.5,3.59,1.97,36,715.5,0.0,0.6666666666666666,643.5833333333334,0.0,-0.00065,11.92604,0.93963,0.01118,0.12183,0.83011,2909.0
510,1566720,563.1,3.53,1.92,30,1048.1666666666667,0.03333333333333333,1.5333333333333334,968.6,0.0,-0.0004,14.38235,0.98332,0.01038,0.13395,0.77944,2914.5
511,1569792,576.9,3.45,1.87,29,878.8620689655172,0.0,0.8620689655172413,803.3448275862069,0.0,0.00717,11.23679,1.0026,0.01329,0.15617,0.79423,2919.8
512,1572864,553.3,3.56,1.99,37,811.8918918918919,0.0,1.0,736.6216216216217,0.0,-0.00053,17.56384,0.90126,0.00675,0.08341,0.77929,2925.4
513,1575936,576.3,3.43,1.9,32,761.03125,0.0,0.75,688.0625,0.0,-0.00189,11.78216,0.92923,0.00882,0.11035,0.83049,2930.7
514,1579008,554.8,3.57,1.97,34,944.9411764705883,0.029411764705882353,1.0,868.0294117647059,0.0,-0.00141,17.04266,0.89866,0.00724,0.0883,0.7992,2936.2
515,1582080,557.2,3.57,1.95,37,802.2432432432432,0.0,0.7567567567567568,728.8108108108108,0.0,-0.00104,16.28291,0.88189,0.00751,0.08927,0.80771,2941.7
516,1585152,546.1,3.68,1.95,42,798.2857142857143,0.0,0.9523809523809523,726.0952380952381,0.0,-0.00276,17.84475,0.83964,0.0083,0.09766,0.78059,2947.4
517,1588224,541.2,3.76,1.92,44,737.75,0.0,0.6590909090909091,665.6590909090909,0.0,0.00113,18.14358,0.92734,0.0103,0.12533,0.70364,2953.1
518,1591296,553.7,3.48,2.07,30,885.8666666666667,0.0,1.4666666666666666,810.6,0.0,0.00024,17.48668,0.91576,0.01001,0.11784,0.76237,2958.6
519,1594368,543.4,3.71,1.95,39,834.9487179487179,0.0,1.1025641025641026,761.2564102564103,0.0,-0.00362,17.22827,0.92538,0.00763,0.09188,0.79042,2964.3
520,1597440,550.3,3.58,2.0,31,886.8064516129032,0.0,0.9032258064516129,811.6774193548387,0.0,0.00109,16.48851,0.88265,0.00921,0.10848,0.78138,2969.8
521,1600512,566.4,3.51,1.91,28,953.0,0.07142857142857142,1.0714285714285714,876.7142857142857,0.0,0.00242,17.07114,0.92104,0.00916,0.0992,0.70498,2975.3
522,1603584,560.2,3.57,1.92,25,934.72,0.0,1.48,857.52,0.0,-0.00065,14.12093,0.88799,0.01103,0.13273,0.83644,2980.8
523,1606656,572.0,3.42,1.95,28,991.7857142857143,0.0,1.9642857142857142,911.75,0.03571428571428571,0.00019,15.04057,0.89475,0.01056,0.13615,0.75084,2986.2
524,1609728,564.2,3.53,1.92,36,952.1388888888889,0.0,0.7777777777777778,874.5555555555555,0.0,-0.00327,16.83493,0.87126,0.00888,0.0992,0.74317,2991.6
525,1612800,554.8,3.61,1.93,35,900.1428571428571,0.0,1.0857142857142856,825.4,0.0,-0.00127,18.12122,0.83442,0.00962,0.11401,0.76798,2997.2
526,1615872,560.4,3.53,1.96,32,919.15625,0.0,0.84375,842.125,0.0,-0.00108,17.47437,0.90234,0.00892,0.10596,0.74239,3002.7
527,1618944,573.9,3.4,1.95,33,792.7575757575758,0.0,0.6363636363636364,719.4242424242424,0.0,0.00081,21.79758,0.87662,0.01183,0.12931,0.6853,3008.0
528,1622016,563.4,3.46,2.0,28,997.2857142857143,0.0,1.0,917.4642857142857,0.0,-0.00384,13.08107,0.92863,0.00676,0.08464,0.81053,3013.5
529,1625088,574.0,3.4,1.95,32,915.59375,0.0,1.46875,840.4375,0.0,-0.00294,17.20295,0.90036,0.00903,0.10539,0.76811,3018.8
530,1628160,538.1,3.67,2.04,37,760.2432432432432,0.0,0.21621621621621623,687.0,0.0,-0.00024,20.24029,0.956,0.00646,0.07511,0.74704,3024.5
531,1631232,550.1,3.56,2.03,35,807.6571428571428,0.0,0.9142857142857143,732.3142857142857,0.0,-0.00163,13.95072,1.00102,0.00862,0.10962,0.83422,3030.1
532,1634304,535.3,3.71,2.03,39,736.4358974358975,0.0,0.6666666666666666,662.6410256410256,0.0,-0.00152,18.31366,0.92354,0.00797,0.09131,0.79347,3035.9
533,1637376,555.5,3.55,1.98,30,944.0333333333333,0.03333333333333333,1.0,868.4,0.0,-9e-05,19.85498,1.00823,0.01171,0.132,0.75573,3041.4
534,1640448,567.5,3.51,1.91,27,898.4814814814815,0.0,1.2962962962962963,821.2962962962963,0.0,0.00058,15.34478,1.00605,0.01225,0.13924,0.73392,3046.8
535,1643520,561.5,3.49,1.98,24,1115.5833333333333,0.0,1.125,1031.4166666666667,0.0,-0.00254,17.82136,0.98602,0.01015,0.13371,0.73204,3052.3
536,1646592,560.2,3.47,2.02,28,1038.9285714285713,0.03571428571428571,1.1785714285714286,961.0357142857143,0.0,-0.00268,15.85783,0.9045,0.00692,0.08862,0.75126,3057.8
537,1649664,551.1,3.52,2.05,33,908.3636363636364,0.0,1.0606060606060606,829.2727272727273,0.0,0.00265,15.19301,0.92924,0.00917,0.10905,0.77913,3063.3
538,1652736,575.0,3.41,1.94,30,719.1666666666666,0.0,0.8333333333333334,646.6,0.0,-0.00118,14.68322,0.93662,0.00907,0.11361,0.75796,3068.7
539,1655808,571.5,3.51,1.87,31,972.0322580645161,0.0,1.1935483870967742,892.258064516129,0.0,0.00073,9.86279,1.0077,0.00737,0.08569,0.82901,3074.1
540,1658880,563.1,3.48,1.98,32,931.84375,0.0,1.1875,856.125,0.0,-0.00031,13.20146,0.98657,0.01025,0.13143,0.80781,3079.5
541,1661952,555.0,3.57,1.96,31,716.3225806451613,0.0,0.45161290322580644,642.2903225806451,0.0,0.00171,19.54926,0.9528,0.0101,0.11515,0.73731,3085.0
542,1665024,527.3,3.73,2.1,37,965.1891891891892,0.0,1.6756756756756757,889.2162162162163,0.0,0.00329,19.71214,0.95712,0.00943,0.11279,0.75593,3090.9
543,1668096,532.8,3.78,1.99,36,783.1944444444445,0.0,0.6111111111111112,709.25,0.0,0.0013,16.53978,0.92514,0.01162,0.1285,0.73172,3096.6
544,1671168,571.9,3.47,1.9,27,1002.8148148148148,0.037037037037037035,1.5185185185185186,925.2962962962963,0.0,0.00182,17.47218,0.96484,0.00886,0.12085,0.78129,3102.0
545,1674240,563.0,3.55,1.91,28,977.8928571428571,0.0,0.9642857142857143,900.2142857142857,0.0,-0.00093,13.60588,0.99559,0.00959,0.12435,0.83065,3107.5
546,1677312,554.7,3.54,1.99,32,857.53125,0.0,1.34375,781.46875,0.0,0.00131,16.0738,0.98737,0.01214,0.14429,0.76522,3113.0
547,1680384,583.5,3.31,1.96,21,1111.7142857142858,0.047619047619047616,1.380952380952381,1028.1904761904761,0.0,-0.00026,14.44617,1.04337,0.00953,0.12028,0.81185,3118.3
548,1683456,534.3,3.76,1.99,38,881.5,0.02631578947368421,0.9736842105263158,805.9473684210526,0.0,0.00202,19.57245,1.03189,0.01002,0.11613,0.72915,3124.0
549,1686528,568.9,3.41,1.99,33,801.7878787878788,0.030303030303030304,0.9090909090909091,727.7878787878788,0.0,0.00065,11.02558,1.03984,0.01005,0.12614,0.79128,3129.4
550,1689600,578.4,3.34,1.97,24,995.2083333333334,0.041666666666666664,1.125,915.2916666666666,0.0,-0.0017,16.25133,1.03885,0.01102,0.13298,0.8273,3134.7
551,1692672,553.8,3.51,2.03,33,1045.5151515151515,0.030303030303030304,1.4545454545454546,967.7878787878788,0.0,0.00389,24.2328,0.97956,0.00879,0.10083,0.69736,3140.3
552,1695744,526.2,3.85,1.98,42,722.2619047619048,0.0,0.7142857142857143,650.3809523809524,0.0,0.00434,20.7097,1.04121,0.01132,0.13428,0.70716,3146.1
553,1698816,555.5,3.49,2.04,25,898.28,0.0,0.68,821.92,0.0,-0.00192,11.84983,1.05047,0.01146,0.15259,0.77257,3151.7
554,1701888,541.7,3.68,1.99,40,854.15,0.025,1.05,779.125,0.0,-0.00035,14.09983,0.98196,0.0145,0.16154,0.79461,3157.3
555,1704960,566.9,3.47,1.95,32,884.1875,0.0,1.625,809.90625,0.0,0.00069,22.7075,0.92522,0.01054,0.13346,0.71043,3162.8
556,1708032,558.7,3.47,2.03,28,1013.5714285714286,0.03571428571428571,1.1785714285714286,936.6785714285714,0.0,0.00498,15.29284,0.88142,0.01124,0.12476,0.77984,3168.3
557,1711104,548.9,3.64,1.96,35,776.1428571428571,0.0,0.8,701.0285714285715,0.0,0.00051,17.29444,1.00883,0.01407,0.14412,0.79584,3173.9
558,1714176,539.9,3.67,2.02,40,721.0,0.0,0.525,648.8,0.0,0.00323,17.92674,0.97882,0.01062,0.11442,0.7401,3179.6
559,1717248,549.2,3.63,1.97,41,766.0731707317074,0.0,1.024390243902439,693.5121951219512,0.0,0.00245,15.63926,0.93966,0.01355,0.13574,0.81583,3185.2
